	id	left	target	right	file
0	hoekig/adj/nrc_handelsblad_20010405_29/214	dat ooit weer vast krijgen , staat niet vast . Ferron beschrijft het tafereel in	hoekige	", onaffe spierballenzinnetjes met een raak soort onbegrip dat de personages treffend typeert . 	"	nrc_handelsblad_20010405_29
1	hoekig/adj/nrc_handelsblad_20020812_7/153	ziel snijdt . Het Ruins-duo neemt af en toe de overhand met zijn stotterend en	hoekig	klinkende , complexe ritmes , waaraan een grondige studie van ` prog rock ' en	nrc_handelsblad_20020812_7
2	hoekig/adj/nrc_handelsblad_19991008_64/136	en communicatie . Hij staat daarin alleen binnen het scheppend Nederlands muziekleven , waar `	hoekige	", afstandelijke muziek ' overheerst . 	 Noem mij een Rabelais in het land van"	nrc_handelsblad_19991008_64
3	hoekig/adj/nrc_handelsblad_20000531_27/715	niet lang bestaan . Het Blauwe Licht was aantrekkelijker om te zien , door de	hoekige	tafel met de kleurvlakken en de vier half-verzonken monitoren , en onderhoudender omdat de gastheren	nrc_handelsblad_20000531_27
4	hoekig/adj/nrc_handelsblad_20001122_154/244	, en waarom bleef Tonia zo lang weg ? Met een sip gezichtje en een	hoekige	tred speelt Chris Jolles het zusje dat bijna bezwerend de status quo in de winkel	nrc_handelsblad_20001122_154
5	hoekig/adj/nrc_handelsblad_20040501_40/223	benoeming nauwelijks bekende Kirchner - ` de pinguïn ' genoemd om zijn Patagonische afkomst en	hoekig	voortbewegen - pas echt goed op stoom gekomen . Slechts een op de vijf Argentijnen	nrc_handelsblad_20040501_40
6	hoekig/adj/nrc_handelsblad_20010418_100/263	, maar het te laten opgaan in het totaalgeluid van zijn band . In de	hoekige	, stuwende ritmes van dit jazzrock mengsel met bluegrass tintje legde hij meer de nadruk	nrc_handelsblad_20010418_100
7	hoekig/adj/nrc_handelsblad_20040305_196/110	zoekende ziel . Veel van Bloms tekeningen bestaan uit potloodlijnen die in vrij rechte ,	hoekige	patronen op doek zijn gezet . Dat lijkt willekeurig , maar is het niet :	nrc_handelsblad_20040305_196
8	hoekig/adj/nrc_handelsblad_19991203_86/214	bij het orkest , weefde zich als een rode draad door de percussiepartijen , steeds	hoekig	geleid door Hempel , die juist door zijn exacte werkwijze de kern trof van de	nrc_handelsblad_19991203_86
9	hoekig/adj/nrc_handelsblad_20020426_194/1172	De gedichten van Gerbrandy in De zwijgende man is niet bitter zijn op a-poëtische wijze	hoekig	, nors en rauw . Hij gooit tal van grammaticale regels overboord en schrijft in	nrc_handelsblad_20020426_194
10	hoekig/adj/nrc_handelsblad_20020503_157/1346	Het begeren ( 1952 ) en vooral Klinkaart ( 1954 ) . Zijn stijl is	hoekig	, ruig , onopgesmukt . Het werk heeft een geëngageerde inslag . Klinkaart gaat over	nrc_handelsblad_20020503_157
11	hoekig/adj/nrc_handelsblad_20020928_84/664	( Robbe de Hert , 2000 , België/Nederland ) . Moeizaam tot stand gekomen ,	hoekige	verfilming van Willem Elsschots romantweeluik over oplichterij wil maar niet tot leven komen . Met	nrc_handelsblad_20020928_84
12	hoekig/adj/nrc_handelsblad_20010510_147/60	gewoond , in dit boerendorp in de Lopikerwaard , waar veel van zijn streekromans vol	hoekige	daggelders en struise stoepmeiden zijn gesitueerd , waar Chef en Jochem , de wijsgerige bedelaars	nrc_handelsblad_20010510_147
13	hoekig/adj/nrc_handelsblad_20010308_154/281	mrt Zwolle Odeon ; 14 mrt Zaandam Zaantheater ; 15 mrt Leiden Schouwburg . Hengst	Hoekige	bokstragiek in een solo van John Buysman , met de blanke blues als begeleiding .	nrc_handelsblad_20010308_154
14	hoekig/adj/nrc_handelsblad_20010706_114/102	de ouverture tot het triomfverhaal van echtelijke trouw koos Van Zweden voor een markante ,	hoekige	benadering , die duidelijk de theatrale , ` vertellende ' kwaliteiten van de muziek uitlichtte	nrc_handelsblad_20010706_114
15	hoekig/adj/nrc_handelsblad_20000302_75/221	van de vorige eeuw zijn belangrijk voor Grohl . Dat blijkt uit zijn liefde voor	hoekige	gitaarriffs als in Monkey wrench en uit zijn cover-versies van klassiekers uit de jaren zeventig	nrc_handelsblad_20000302_75
16	hoekig/adj/nrc_handelsblad_20030509_94/91	museumdirecteur die hij sinds kort is . Hij heeft een guitig hoofd op een fors	hoekig	lichaam en draagt een spijkerbroek en openhangend overhemd . Geduldig troont hij zijn bezoeker langs	nrc_handelsblad_20030509_94
17	hoekig/adj/nrc_handelsblad_20011122_153/525	10 procent kleiner was dan het prototype . En mijn piepschuimen model was ook wat	hoekiger	dan het uiteindelijke resultaat . De verticale steun bleek in kunststof smaller te kunnen dan	nrc_handelsblad_20011122_153
18	hoekig/adj/nrc_handelsblad_19991227_80/541	het stuk te snijden . De spelers zijn energiek . Mark Vandebos speelt zijn Kieken	hoekig	en groot . Romijn Conen maakt , als Lot , verfijnde gebaren en rochelt overtuigend	nrc_handelsblad_19991227_80
19	hoekig/adj/nrc_handelsblad_20020301_147/72	zijn leermeester Presser . Hij schrijft ook dat hij op velen overkomt als stug ,	hoekig	"en onverschillig 	 maar in dat beeld herken ik niets van mezelf 	"	nrc_handelsblad_20020301_147
20	hoekig/adj/nrc_handelsblad_20010215_174/200	Theotorne ; 20 febr Bussum ` t Spant ; 22 febr Raalte Hoftheater . Hengst	Hoekige	bokstragiek in een solo van John Buysman , met de blanke blues als begeleiding .	nrc_handelsblad_20010215_174
21	hoekig/adj/nrc_handelsblad_20000216_35/296	, dramatiek en malligheid te combineren . Daarbij heeft ze een stevig houvast aan de	hoekige	, pregnante muziek van Martin van Dijk . In diens voetsporen zet haar huidige trio	nrc_handelsblad_20000216_35
22	hoekig/adj/nrc_handelsblad_20010215_5/406	zo makkelijk identificeren . Het lijkt op gestileerd Arabisch en doet denken aan een tot	hoekige	pixels gereduceerd computerplaatje of de abstracte tapijtontwerpen van Kolenbrander uit het begin van de vorige	nrc_handelsblad_20010215_5
23	hoekig/adj/nrc_handelsblad_19991224_17/1113	het bekende schilderij van Charley Toorop Aan den Toog uit de jaren dertig , waarop	hoekige	Tooropmannen zich laten bedienen door een niet minder stoere Zeeuwse in klederdracht , direct teruggaat	nrc_handelsblad_19991224_17
24	hoekig/adj/nrc_handelsblad_20011220_187/728	, schijnt niet meer van deze tijd te zijn . Ronde wastafels zijn uit ,	hoekig	moet het zijn . Sanitairfabrikant Duravit haakt in op deze trend door de klassieke rechthoekige	nrc_handelsblad_20011220_187
25	hoekig/adj/nrc_handelsblad_20010730_37/94	aardig gezicht was dat : aan de ene kant de geharkte flats , strak en	hoekig	in het beton gegoten ; aan de andere kant de woonboten , de was uitgehangen	nrc_handelsblad_20010730_37
26	hoekig/adj/nrc_handelsblad_20030923_73/260	naar de felste dag , Kreizberg leidde met zijn theatrale gebaren een extreem uitbundige ,	hoekige	Mahler . Levenslust won het van doodsdrift , en de mineurfanfare in het derde deel	nrc_handelsblad_20030923_73
27	hoekig/adj/nrc_handelsblad_20000414_55/137	Plomp . Dit ritmetandem weet niet alleen stuwende grooves te smeden uit loodzware basnoten en	hoekige	drumpatronen , maar ook met subtiele breaks te zorgen voor een spanningsboog die over een	nrc_handelsblad_20000414_55
28	hoekig/adj/nrc_handelsblad_20001016_53/469	begin van het monumentale slotdeel , een kortaffe felheid . De koorfinale klonk hardhandig ,	hoekig	, martiaal en veelal zeer luid , maar zonder appellerende vervoering . De bariton Geert	nrc_handelsblad_20001016_53
29	hoekig/adj/nrc_handelsblad_19991208_2/276	en als het echt moet dansen ze heel even met z'n allen synchroon in Rogies	hoekige	, weerbarstig achterover buigende danstaal . Danser Eduardo de Paiva Souza vertolkt de twijfel in	nrc_handelsblad_19991208_2
30	hoekig/adj/nrc_handelsblad_20040324_117/180	en van schrik Items nummer 1 uit januari 1982 ernaast heb gelegd . Strakke ,	hoekige	letters en een ingewikkelde ontwerptekening van een juwelierswinkel in kaal grijs , rood en wit	nrc_handelsblad_20040324_117
31	hoekig/adj/nrc_handelsblad_20020722_35/275	straatlantaarns lijken ook te zijn toegetakeld , maar een medewerker weet te melden dat de	hoekige	vormen deel zijn van het ontwerp . Van Otten vermoedt dat de vernielingen , goed	nrc_handelsblad_20020722_35
32	hoekig/adj/nrc_handelsblad_20010301_149/202	Veldhoven De Schalm ; 7 mrt Wassenaar Warenar ; 8 mrt Eindhoven Stadsschouwburg . Hengst	Hoekige	bokstragiek in een solo van John Buysman , met de blanke blues als begeleiding .	nrc_handelsblad_20010301_149
33	hoekig/adj/nrc_handelsblad_19991101_79/367	regisseur Rob Ligthert , maakt van Erfdragers , een komedie à la Joe Orton :	hoekig	, ongemakkelijk , zorgvuldig al te veel vaart vermijdend . Timing lijkt uit den boze	nrc_handelsblad_19991101_79
34	hoekig/adj/nrc_handelsblad_20010105_161/1021	resultaat van de IT-revolutie zijn . Zo is de computer bij het maken van de	hoekige	gebouwen van Wiel Arets , Koen van Velsen en Neutelings/Riedijk vermoedelijk wel handig geweest ,	nrc_handelsblad_20010105_161
35	hoekig/adj/nrc_handelsblad_20020323_199/464	Hard Day's Night is nog steeds het hoogtepunt van Lesters regie . Afdalend van een	hoekige	brandtrap à la West Side Story komen John , George , Paul en Ringo op	nrc_handelsblad_20020323_199
36	hoekig/adj/nrc_handelsblad_20000125_37/403	onderzoek van regisseur Richard Brooks van zijn hoofdrolspeler , Burt Lancaster . Hij is even	hoekig	als Kirk Douglas , zijn torso even omvangrijk als die van Robert Mitchum , maar	nrc_handelsblad_20000125_37
37	hoekig/adj/nrc_handelsblad_20001006_82/246	". 	 Josua Reichert ( Stuttgart , 1937 ) werd als typograaf beroemd met een"	hoekige	, sobere stijl . Zijn grote voorbeeld was de Groningse grafisch kunstenaar Hendrik Nicolaas Werkman	nrc_handelsblad_20001006_82
38	hoekig/adj/nrc_handelsblad_20000729_114/303	al snel eentonig worden als er geen astronauten waren die niet af en toe een	hoekige	choreografie te zien gaven in de luchtzee tussen maan en aarde . Zo zoek je	nrc_handelsblad_20000729_114
39	hoekig/adj/nrc_handelsblad_20031112_131/45	( Robbe de Hert , 2000 , België/Nederland ) . Moeizaam tot stand gekomen ,	hoekige	verfilming van Willem Elsschots romantweeluik over oplichterij wil maar niet tot leven komen . Met	nrc_handelsblad_20031112_131
40	hoekig/adj/nrc_handelsblad_20001021_63/213	leent Purcell zich ook voor breakdancen en het sorteert wel enig effect . Tussen die	hoekige	breakdance zit een flard flamenco , op de voorgrond doet een trio aan synchrone moderne	nrc_handelsblad_20001021_63
41	hoekig/adj/nrc_handelsblad_20040319_178/106	actualiteit ( inclusief vluchtelingen die wegens zuurstofgebrek omkomen in een koelwagen ) steekt rauw en	hoekig	door de droom heen , die pas op de laatste bladzijde , net als Mohsen	nrc_handelsblad_20040319_178
42	hoekig/adj/nrc_handelsblad_20020312_117/36	van C.B. Vaandrager in de jaren zestig : kortgeknipt , met zonnebril , stropdasje en	hoekige	kaaklijn . Een keiharde realist , deze auteur van onsterfelijke miniatuurtjes als Made in Madurodam	nrc_handelsblad_20020312_117
43	hoekig/adj/nrc_handelsblad_20011117_34/111	"waarin hij droevig nieuws vermoedde verbrand ' . 	 De blazers en gitaren zetten een"	hoekig	punkachtig lied in . Op de achtergrond wisselen filmbeelden van vissenogen , hollende menigtes met	nrc_handelsblad_20011117_34
44	hoekig/adj/nrc_handelsblad_20020112_194/1		Hoekig	en in mineur , zo begint ` Revelator ' : Welch is er niet op	nrc_handelsblad_20020112_194
45	hoekig/adj/nrc_handelsblad_20001222_43/1163	met geverfde camouflagevlekken die pal op de huid leken te zitten , en door de	hoekige	parallelle bewegingen rekende Nijinsky af met de bedwelmende oosterse sensualiteit . Zijn Faun was onverbloemd	nrc_handelsblad_20001222_43
46	hoekig/adj/nrc_handelsblad_20030430_70/68	lichaam . Zijn levensgrote figuren , die in tegenstelling tot de beelden van Moore altijd	hoekig	en vierkant zijn , staan op pleinen van wereldsteden als Londen , Parijs en New	nrc_handelsblad_20030430_70
47	hoekig/adj/nrc_handelsblad_20020209_125/154	aan . De manier waarop men zich beweegt en gebaren maakt is ontleend aan de	hoekige	stramme , tweedimensionale manier waarop de Egyptenaren zichzelf afbeeldden op reliëfs en muurschilderingen . De	nrc_handelsblad_20020209_125
48	hoekig/adj/nrc_handelsblad_20020711_8/36	Melodieën van een plantaardig woekerende schoonheid vechten geschraagd door dwingende ritmen om voorrang in een	hoekig	georganiseerde vorm van contrapunt . Maar het Residentie Orkest hoeft van de Russische gastdirigent niet	nrc_handelsblad_20020711_8
49	hoekig/adj/nrc_handelsblad_20020517_4599/3	Het is	hoekig	, de camera beweegt amper en je pakt er soms een detail uit dat iets	nrc_handelsblad_20020517_4599
50	hoekig/adj/nrc_handelsblad_20000212_131/38	van kleine zalen al over moest stappen op grote zalen . ` Haar vreemde ,	hoekige	lichaamstaal en haar clowneske talenten versterken de fragmentarische scènetjes die ze speelt . ( ...	nrc_handelsblad_20000212_131
51	hoekig/adj/nrc_handelsblad_20010120_69/1958	door de vloeibladen die hij ter bescherming heeft tussengevoegd . Dichtbeschreven velletjes met smalle ,	hoekige	letters , in een schrift dat niemand kent . Het is het bijbelboek Daniël ,	nrc_handelsblad_20010120_69
52	hoekig/adj/nrc_handelsblad_20010405_33/250	Spil van de groep is producer/muzikant John McEntire , die achter zijn piepkleine drumstel een	hoekige	Krautrock-beat in de trant van Can's Jaki Liebezeit kan neerzetten , maar die net zo	nrc_handelsblad_20010405_33
53	hoekig/adj/nrc_handelsblad_19991220_89/375	informatiecentrum in een behuizing naar ontwerp van de nu 94-jarige Amsterdamse architect Piet Zanstra .	Hoekig	opgetrokken uit grintbeton en glas , was het een nors en onverbiddellijk staaltje moderne architectuur	nrc_handelsblad_19991220_89
54	hoekig/adj/nrc_handelsblad_20010228_140/81	manier doet Solbakken tegenwoordig zaken . De experimenteel getinte , maar nog altijd rauwe en	hoekige	hardcore van Lul is door de jaren heen ingeruild voor een iets glooiender aanpak die	nrc_handelsblad_20010228_140
55	hoekig/adj/nrc_handelsblad_20020812_16/405	, invoelend . Hoe bekwaam de gastheer ook probeerde de ` vileine ' en `	hoekige	' kanten van zijn gast naar voren te halen , het waren toch vooral memories	nrc_handelsblad_20020812_16
56	hoekig/adj/nrc_handelsblad_20000403_76/200	. Op het schemerduistere toneel komt Hans Trentelman als Biberkopf op ; vierkante man ,	hoekige	kop . Een brok ongedurige energie . Hij wordt begeleid door een engelachtig meisje in	nrc_handelsblad_20000403_76
57	hoekig/adj/nrc_handelsblad_20010616_54/32	afgeroepen toen hij als zanger van de new-wavegroep Talking Heads koos voor de crossover van	hoekige	rock met de swing van Afrikaanse en Latijnsamerikaanse muziek , achtervolgt hem nog steeds .	nrc_handelsblad_20010616_54
58	hoekig/adj/nrc_handelsblad_20001007_135/140	ze een hechte groep met strakke en uniforme bewegingen : uit hun geprononceerde heupen en	hoekig	uitgestoken schouders spreken trots en kracht , uit zachte armbewegingen daarentegen kwetsbaarheid . In de	nrc_handelsblad_20001007_135
59	hoekig/adj/nrc_handelsblad_20010514_80/391	voegloos spoor is het oude ronde en beweeglijke Maasgrind van voorheen vervangen door het veel	hoekiger	en ruwere steenslag ( porfier en graniet ) uit steengroeven in België en Noorwegen .	nrc_handelsblad_20010514_80
60	hoekig/adj/nrc_handelsblad_20030430_198/197	lichaam . Zijn levensgrote figuren , die in tegenstelling tot de beelden van Moore altijd	hoekig	en vierkant zijn , staan op pleinen van wereldsteden als Londen , Parijs en New	nrc_handelsblad_20030430_198
61	hoekig/adj/nrc_handelsblad_20020722_16/295	trappen van een openbaar gebouw , zie je hoe enthousiast die Ethiopiërs reageren op de	hoekige	klanken van de Nederlanders . Als de band zich ook nog eens stort op bekende	nrc_handelsblad_20020722_16
62	hoekig/adj/nrc_handelsblad_20040320_49/97	uit 1970 , dat het naieve hippie-optimisme van die tijd uitstraalt , een pregnant ,	hoekig	arrangement van Willem Breuker in een apocalyptisch lied uit 1983 , een gespierd gezongen Mens	nrc_handelsblad_20040320_49
63	hoekig/adj/nrc_handelsblad_20010414_62/1779	van de dienstreizen van Van der Stoel , zoals kroonprins Willem-Alexander ( 33 ) de	hoekige	Minister van Staat ( 76 ) eenvoudig modern noemt . Uit het optreden van premier	nrc_handelsblad_20010414_62
64	hoekig/adj/nrc_handelsblad_20020131_121/116	een eigenzinnige dynamiek . Zijn spel is van een knisperende helderheid , bijna op het	hoekige	af . Drummer Geert Roelofs volgt zijn compagnon op de voet en is een meester	nrc_handelsblad_20020131_121
65	hoekig/adj/nrc_handelsblad_20020830_147/1570	andere kracht dan die van het water in het spel moet zijn geweest . De	hoekige	vormen in aanmerking genomen , wees ik de theorie dat we hier te doen zouden	nrc_handelsblad_20020830_147
66	hoekig/adj/nrc_handelsblad_20011006_46/44	. ` List is , eens te meer , een zangeres met allure die hier	hoekig	en energiek wordt begeleid . ( ... ) Soms brengt hun volume haar ertoe zichzelf	nrc_handelsblad_20011006_46
67	hoekig/adj/nrc_handelsblad_20000229_48/278	in 1.900 kranten in 53 landen . Fraai is het niet getekend , in een	hoekige	cartooneske , icoonachtige stijl , maar de hilarische situaties en de sarcastische dialogen roepen veel	nrc_handelsblad_20000229_48
68	hoekig/adj/volkskrant_20010208_153/179	is de grote Hubert Sumlin , de elektrisch gitarist die in de jaren vijftig mooi	hoekige	partijen bij Howlin ' Wolf speelde en hier met wat achteloze riffs een paar nummers	volkskrant_20010208_153
69	hoekig/adj/volkskrant_20000401_202/899	de revers en strakke , grauwe mantelpakken verkopen . ' Ze staren je aan vanonder	hoekige	constructies die afgekapte , bakstenen muren vastklinken aan winkelpuien uit de Belle Epoque . De	volkskrant_20000401_202
70	hoekig/adj/volkskrant_19991229_85/210	, op een looprek , toch is hij een imposante verschijning . Brede schouders ,	hoekig	hoofd , zijn donkere haar grijst alleen aan de randen . Een grote grijns trekt	volkskrant_19991229_85
71	hoekig/adj/volkskrant_20020601_188/1766	Ferry er wel zin in heeft . Dat is heel belangrijk . Hij zal wat	hoekig	in het debat zijn , maar hij heeft alles op een rij .	volkskrant_20020601_188
72	hoekig/adj/volkskrant_20020615_181/499	gevoel van welkom uit . Van binnen doet het Paviljoen een beetje denken aan een	hoekig	slakkenhuis , aangekleed met tal van natuurlijke elementen als ( kunstmatige ) rotsblokken , grote	volkskrant_20020615_181
73	hoekig/adj/volkskrant_20040909_kk_31/324	bewijst dat de band echt tot de allerbeste behoorde , maar ook dat zijn aanvankelijk	hoekige	geluid dankzij groepen als Franz Ferdinand ineens weer modern klinkt . Meest verheugend is het	volkskrant_20040909_kk_31
74	hoekig/adj/volkskrant_20020718_139/1462	elkaar verbonden bassins , een soort apenhoofd , met twee ronde ogen en een wat	hoekiger	snuit . Tussen de twee ogen loopt de vloer iets omlaag , een zogeheten waterval	volkskrant_20020718_139
75	hoekig/adj/volkskrant_20020506_44/36	door een bijzonder fraaie vormgeving . De bokaal heeft nog het meest weg van een	hoekige	vaas , maar dan wel een zware . Met een gewicht van vijftien kilogram ,	volkskrant_20020506_44
76	hoekig/adj/volkskrant_20040618_105/230	een uitstapje naar BloodSugarSexMagik ( 1991 ) , en alleen in een nummer als het	hoekige	Get On Top horen we de groep terug die ooit de ' crossover ' van	volkskrant_20040618_105
77	hoekig/adj/volkskrant_20011115_111/81	, de animatie zit barstensvol digitale effecten en heeft een van de Japanse anime afgekeken	hoekige	stijl . Ook wordt er flink wat geknokt en geschoten . Zo'n animatiefilm vergt een	volkskrant_20011115_111
78	hoekig/adj/volkskrant_20000106_51/1304	Bekend is dat het schilderij werd geretoucheerd , maar dan nog is het duister en	hoekig	. Op andere doeken zie je hoe de kunstenaar soms worstelde met een perspectief of	volkskrant_20000106_51
79	hoekig/adj/volkskrant_20011208_194/315	hè ' , roept Mulder , als de tunnel op het scherm opdoemt . Een	hoekige	, doorzichtige slurf , die op hoge poten in het landschap staat . Buiten is	volkskrant_20011208_194
80	hoekig/adj/volkskrant_20041014_kk_43/113	een biertje aan de bar , terwijl in de kelder de band Shit Disco hartstochtelijk	hoekige	gitaarpop à la Franz Ferdinand staat te spelen . Weten ze wel dat er een	volkskrant_20041014_kk_43
81	hoekig/adj/volkskrant_20010530_84/324	stevige momenten zo heerlijk woest zijn . De groep blinkt uit in eigenwijze indie met	hoekig	gitaarwerk ( Lowdown ) , vette , rockende blues ( Honest Man ) en getuige	volkskrant_20010530_84
82	hoekig/adj/volkskrant_20020126_59/407	speelser en vinniger wordt . Het zestal plaatst de juiste accenten bij Duato's lyriek -	hoekig	en koket tegelijk - al ebt de romantiek aan het slot weg . Ook hier	volkskrant_20020126_59
83	hoekig/adj/volkskrant_20000812_186/2078	, waarop aan weerszijden in bescheiden , goudkleurige letters de bedrijfsnaam staat , leidt een	hoekig	wegennet naar 82 gebouwen . Sinds rechter Thomas Penfield Jackson besloot dat Microsoft de anti-monopoliewetten	volkskrant_20000812_186
84	hoekig/adj/volkskrant_19990219_100/1904	nog veel fantasie nodig . De huidige Salon loopt langzaam , en heeft door zijn	hoekige	vormen nog het meest weg van een oud computerspel . ' Het ziet er nog	volkskrant_19990219_100
85	hoekig/adj/volkskrant_20020916_60/1124	Spreng probeerde van de nood een deugd te maken met de leus ' Echt .	Hoekig	. Succesvol . ' Stoiber is een ' ernstige man voor ernstige tijden ' ,	volkskrant_20020916_60
86	hoekig/adj/volkskrant_20000508_65/279	talloze ogenschijnlijk op de vlooienmarkt bijeengegaarde gebruiksvoorwerpen . De muziek van Rijnvos is net zo	hoekig	en monumentaal , maar wèl mooi . De lengte van elk van de vier delen	volkskrant_20000508_65
87	hoekig/adj/volkskrant_20011005_131/1143	dat ooit werd bewoond door ' stamvaders en hun langgerokte vrouwen met grove stemmen en	hoekige	gebaren ' . Maar dat Freriks die gedachte overneemt en zich te buiten gaat aan	volkskrant_20011005_131
88	hoekig/adj/volkskrant_20010322_3/165	3-pt . ( untampered ) Product van Peter Adriaansz uit 1998 . De vreemde ,	hoekige	muziek , en de combinatie van piccolo , trombone , harmonium en veel metalen slagwerk	volkskrant_20010322_3
89	hoekig/adj/volkskrant_20031106_118/349	als het zinderende Frontseat niet minder spannend om . Knap , zoals ingetogen spel en	hoekige	riffs zorgvuldig in elkaar worden gevlochten . De kennismaking met de Engelse broertjes Tom en	volkskrant_20031106_118
90	hoekig/adj/volkskrant_20020624_34/282	grond , op z'n Afrikaans , en de borst trots vooruit . Het bewegingsspel is	hoekig	en golvend tegelijk , met soms een acrobatische copoeira-duik of een electric boogie-siddering ertussendoor .	volkskrant_20020624_34
91	hoekig/adj/volkskrant_20000817_75/977	Jimmy , werd in Lara levensgroot geprojecteerd op een videoscherm . De dansers incorporeerden Lara's	hoekige	motoriek . Via real time-camera-opnames mengden hun bewegingen zich met de dappere stappen van Lara	volkskrant_20000817_75
92	hoekig/adj/volkskrant_20020411_70/344	leeuwenkop van het altaar . Die komt tot leven . Zij wordt hem - draait	hoekig	, stampt luid en schudt wild zijn witzijden manen . Kabuki werd van volks bordeelvermaak	volkskrant_20020411_70
93	hoekig/adj/volkskrant_19990528_103/846	er anders aan toe : hij zet de zaak graag op scherp met dwarse ,	hoekige	en heel persoonlijke lezingen . Hij laat je als luisteraar geen moment met rust en	volkskrant_19990528_103
94	hoekig/adj/volkskrant_20000125_86/203	dag legt , was in Korzo niets te merken . Iets te vaak liet hij	hoekige	flamenco-passages overgaan in zoete melodieën met een comfortabele swing . Maar met bloedstollende modulaties ,	volkskrant_20000125_86
95	hoekig/adj/volkskrant_20001229_92/482	de geboren Groninger graag korte en krachtige zinnen schrijft ( zijn oeuvre wemelt van de	hoekige	one-liners ) , die soms door omringende witregels verhevigd worden , zo kan hij ook	volkskrant_20001229_92
96	hoekig/adj/volkskrant_20020601_291/4	Hij zal wat	hoekig	in het debat zijn , maar hij heeft alles op een rij .	volkskrant_20020601_291
97	hoekig/adj/volkskrant_20010816_146/548	in de belangrijkste Nederlandse stadions ( winnaar : Vitesse ) . NR bevat een ietwat	hoekig	interview met Arjan Ederveen . Hij maakt duidelijk dat hij een vraaggesprek bepaald niet voor	volkskrant_20010816_146
98	hoekig/adj/volkskrant_19990518_124/531	de cinema moeten zij worden verrast , actief bij de vertelling worden betrokken . Hoe	hoekiger	de vertelstructuur , hoe groter de uitdaging voor de bioscoopbezoeker om de puzzel compleet te	volkskrant_19990518_124
99	hoekig/adj/volkskrant_20000626_134/202	beveiliging . En als je het pakketje een beetje schudde , hoorde je bovendien een	hoekig	, rammelend geluid . Het leek wel zacht getik . Paniek ! Een bom ?	volkskrant_20000626_134
100	hoekig/adj/volkskrant_20010823_121/164	boodschap te verkondigen laat Lee de inhoud prevaleren boven de stijl . Dat levert een	hoekige	film op , die ritmisch nogal eens stokt en bijna overloopt van de overdrijvingen .	volkskrant_20010823_121
101	hoekig/adj/volkskrant_19990306_180/379	van ' een zuiver visueel en materieel onderzoek ' . Zijn felle arendsoog , zijn	hoekige	snavel , zijn flamboyante vleugels en geslepen klauwen - wie die wil bewonderen is niet	volkskrant_19990306_180
102	hoekig/adj/volkskrant_20040513f_extra_82/201	nog steeds felle , scherpe stem voelt Lynn zich hoorbaar op haar gemak bij de	hoekige	, naar garagecountry neigende begeleiding van White en consorten . De rockers worden afgewisseld door	volkskrant_20040513f_extra_82
103	hoekig/adj/volkskrant_19990211_33/366	Dat blijkt uit deze vrouwendans . Niks zoetgevooiste glimlachjes boven zijdezachte pasjes , maar krachtige	hoekige	schouders boven mannelijk grote passen , en sprongen als van een bok die op hol	volkskrant_19990211_33
104	hoekig/adj/volkskrant_20001026_46/264	een web van moord , list en bedrog . En dat niet alleen : Afflecks	hoekige	gelaat , door good old John Frankenheimer vaak van dichtbij gefilmd , krijgt evenals zijn	volkskrant_20001026_46
105	hoekig/adj/volkskrant_20010731_8/32	. Zijn zelfportretten laten zonder uitzondering een ernstige , in zichzelf gekeerde jongeman zien met	hoekige	trekken in een sterk vermagerd gezicht . De tijd zou daar nauwelijks vat op krijgen	volkskrant_20010731_8
106	hoekig/adj/volkskrant_20020204_103/543	groot waren dat ze er nauwelijks onderdoor leken te kunnen kijken . Erbij droegen ze	hoekige	, weinig charmant vallende creaties . Dan hadden Mette-Marit van Noorwegen ( understated Alberta Ferretti	volkskrant_20020204_103
107	hoekig/adj/volkskrant_20040216_56/336	Ze zit vooraan in een groep mensen ; in de achtergrond is het lange ,	hoekige	gezicht van Kerry herkenbaar . ' Het heeft me maanden gekost om een foto van	volkskrant_20040216_56
108	hoekig/adj/volkskrant_20020311_88/100	en dans - veel potige straatdans bijgebracht : snelle gymnastische bewegingen met geëlektrificeerde schouders ,	hoekige	ellebogen en ritmische knieën . Maar ze laat ze ook wegzwijmelen in de slowdans van	volkskrant_20020311_88
109	hoekig/adj/volkskrant_20000118_59/514	het staal ) . Kloeke dakgoten van beton boven strakke muren van mergelsteen . Robuuste	hoekige	en gebogen vormen . En een plotseling opdoemende weidsheid bij de Papenstraat . Dit kleine	volkskrant_20000118_59
110	hoekig/adj/volkskrant_20010523_105/49	een nieuwe standaard neer . Vervolgens ging Destiny's Child een paar jaar geleden met hun	hoekige	hectische ritmiek ervandoor , en werd wereldberoemd . Maar in artistieke zin hebben Destiny's Child	volkskrant_20010523_105
111	hoekig/adj/volkskrant_20040216_85/287	31-jarige Akin . ' Ik heb er geen moment aan gedacht dat mijn kleine ,	hoekige	en smerige film in aanmerking kon komen voor zo'n grote , elitaire en bijzondere prijs	volkskrant_20040216_85
112	hoekig/adj/volkskrant_20010419_178/190	een mengsel van drama , humor en rafelige romantiek . Tegen de achtergrond van een	hoekig	landschap - cameraman Breno Silveira maakt dankbaar gebruik van wolkenpartijen en lichtval - ontvouwt zich	volkskrant_20010419_178
113	hoekig/adj/volkskrant_20040227_up.artikelen-A_233/266	om tot rechte lijn . Trio's duiken op , een duet splitst zich af .	Hoekig	is de heup die knikt , de arm die buigt of de hand die uitschiet	volkskrant_20040227_up.artikelen-A_233
114	hoekig/adj/volkskrant_20010420_113/416	over het algemeen houdt Laurens zich aan de kubistische ' regels ' . Strak ,	hoekig	en asymmetrisch ; beelden van bij elkaar gesprokkeld hout en blik , met als onderwerp	volkskrant_20010420_113
115	hoekig/adj/volkskrant_19990806_76/357	de studies voor De aardappeleters is het genoegen af te lezen waarmee Van Gogh de	hoekige	koppen - niet veel verschillend van de piepers die zij rooiden en jasten - weergaf	volkskrant_19990806_76
116	hoekig/adj/volkskrant_20030606_08/289	zichzelf mee in het werk . Maar naast die hartelijke kant , heeft ze iets	hoekigs	' , weet Godschalk . ' Als ze ergens kritiek op heeft , zal ze	volkskrant_20030606_08
117	hoekig/adj/volkskrant_20040819_kk_24/133	stadsjongeren wel . Het verklaart het succes van The Streets in eigen land . Het	hoekige	mengsel van hiphop , jungle en ' U.K. garage ' , gecombineerd met rauwe teksten	volkskrant_20040819_kk_24
118	hoekig/adj/volkskrant_20010830_94/389	tegen de ander , zichzelf en de natuur . Vaak beeldhouwt hij zijn dansers in	hoekige	en gebroken lijnen zodat angst uit hun lichaamshoudingen spreekt . Niet zelden is deze vernietigingsdrang	volkskrant_20010830_94
119	hoekig/adj/volkskrant_20020620_154/1223	waterverftechnieken , voelden Sanders en DeBlois daar meteen voor ; ze hadden genoeg van de	hoekige	vormen van computeranimatie . DeBlois : ' Volgens ons was Disney het contact met de	volkskrant_20020620_154
120	hoekig/adj/volkskrant_20020319_81/421	tweeling , terwijl Martijn Kappers en Goran Turnsek het voortouw nemen in het leunen op	hoekige	ellebogen . Ter afsluiting van Fruitt(h)ree danst Holle een solo waarin haar armen haar steeds	volkskrant_20020319_81
121	hoekig/adj/parool_20040513_81/35	Dit stuk gaat heel erg over vorm en sfeer . En dat vraagt om minder	hoekige	"ritmes dan we normaal spelen . 	 Maar is Lost nu ' postrock-theater ' ?"	parool_20040513_81
122	hoekig/adj/parool_20031215_101/69	de Duitse geschiedenis zijn ook op het podium legio . Zo is Mansons beeldmerk lekker	hoekig	gemaakt , zien we danseressen in minuscule Duitse uniformen rondhuppelen en marcheert Manson over het	parool_20031215_101
123	hoekig/adj/parool_20011130_72/244	niveau . Ongelijk , onzuiver en ongenuanceerd klonk het , wat ongetwijfeld kwam door de	hoekige	, atypische en voor de musici soms volstrekt onnavolgbare dirigeergebaren die Tan Dun op de	parool_20011130_72
124	hoekig/adj/parool_20010316_68/1625	"er dan veel minder fietsen in . 	 Dus koos men voor een tamelijk standaard"	hoekig	en hoog U-profiel met stalen beugels , waarin de fietsen vanaf één kant in de	parool_20010316_68
125	hoekig/adj/parool_20031114_85/2	De	hoekige	woonkamer , met open keuken erbij , is ruim 31 vierkante meter . Die (	parool_20031114_85
126	hoekig/adj/parool_20001117_94/360	als Days before you came en Every you , every me klinken nog steeds lekker	hoekig	en Placebo is vakkundig genoeg om fragiele poses aan te nemen als Molko de zaal	parool_20001117_94
127	hoekig/adj/parool_20020104_17/42	Minder goed is het gesteld met de talen . In het Nederlands drukt hij zich	hoekig	uit . Toch krijgt hij een zes voor zijn spreekbeurten . De vreemde talen leveren	parool_20020104_17
128	hoekig/adj/parool_19990916_82/531	verte , een keigroen grasveld omzoomd door een zacht gebold , spierwit auditorium , een	hoekige	blik op een knetterblauwe hemel , een patio van stoffig zand , een groepje berkenbomen	parool_19990916_82
129	hoekig/adj/parool_20040113_58/312	in elk nummer herken je onbetwist Monk . Je herkent zijn schrille contrasten , zijn	hoekige	manier van improviseren en zijn ritmische patronen	parool_20040113_58
130	hoekig/adj/parool_20040323_62/331	door echo-effecten . Bart de Kemps Between nightbar and factory is veel meer grote-stadsmuziek :	hoekig	, hectisch en agressief . Goed stuk . Het Doelenensemble speelt alle werken ronduit voortreffelijk	parool_20040323_62
131	hoekig/adj/parool_20001124_25/120	klanten niet nog meer de stuipen op het lijf te jagen , nog steeds zo'n	hoekige	bak . Toen echter al lagen de tekeningen klaar voor de V70 . Technisch gezien	parool_20001124_25
132	hoekig/adj/parool_20040610_77/66	Hell , medegrondleggers van de punk . Later speelde Quine , die een herkenbare ,	hoekige	stijl had , bij Lou Reed , Tom Waits en Marianne Faithfull . Frisia Museum	parool_20040610_77
133	hoekig/adj/parool_20011212_100/929	eens drie betrekkelijk ruime ( slaap-)kamers . Aan de voorzijde is de kamer rond een	hoekig	raam gebouwd , wat een ruimtelijk effect heeft . De badkamer voldoet aan alle moderne	parool_20011212_100
134	hoekig/adj/parool_20010102_60/612	mede vanwege de aanwezigheid van de dealing room met glas dichtgezet , wat de ronding	hoekig	maakt . Als geen ander is Ruijssenaars in staat daglicht in het 28 meter diepe	parool_20010102_60
135	hoekig/adj/parool_20011114_97/270	femme fatale met Lara Croft-postuur . Ook in de tekenstijl heeft de verzakelijking toegeslagen :	hoekige	kaken , harde koppen en vingers die eruit zien als lompe , rechthoekige staven .	parool_20011114_97
136	hoekig/adj/parool_20000902_105/1989	het doek in zwarte , witte en lila likken kernachtig de rouw van de grote	hoekige	figuur en de kleine bundel leven in zijn armen , dat een grimas trekt .	parool_20000902_105
137	hoekig/adj/parool_20010818_93/208	Tussen de bestuurder en de rijke Duitser zat een magere man met een piepkleine ,	hoekige	viool , die niet breder was dan een handpalm . Hij speelde erop en zong	parool_20010818_93
138	hoekig/adj/parool_19990311_87/235	had onmiskenbaar iets briljants . Maar de manier waarop hij balverlies leed en met zijn	hoekige	, krachtige bewegingen over zijn eigen lange benen dreigde te struikelen hielden de discussie gaande	parool_19990311_87
139	hoekig/adj/parool_20020416_40/172	neem je de ander te pakken . Een en ander resulteert in een lawine van	hoekige	, tegendraadse bewegingen ; de vrouwen virtuoos op de spitz , de mannen grillig als	parool_20020416_40
140	hoekig/adj/parool_20040504_88/254	palet ; zijn composities veranderen er niet wezenlijk door . De accenten die in zijn	hoekige	liedjes eerder werden gelegd door gitaar , toetsen of blazers komen nu voor rekening van	parool_20040504_88
141	hoekig/adj/parool_20001020_77/658	met een keramisch laagje . Het lijken witte stalagmieten nu , alleen zijn ze wat	hoekiger	. Luiheid is dit kunstenaarsduo niet te verwijten . Ze ontwierpen een robotje dat wandelt	parool_20001020_77
142	hoekig/adj/parool_20000407_96/203	niet ontgaan , van Leopold . Van een roman : De Bree zijn denken was	hoekig	en norsch . Ja , met sch . Uit Bint van Bordewijk . -Welk gedicht	parool_20000407_96
143	hoekig/adj/parool_20000224_79/508	dan gebruikelijk te kraken . Toch was hij onder collega-onderzoekers niet populair . Zijn wat	hoekige	karakter had daar maar zijdelings mee te maken . Wat hem vooral kwalijk werd genomen	parool_20000224_79
144	hoekig/adj/parool_20001215_82/436	zich ook de tijd gunt voor een parabel over een Japanse acteur , die een	hoekige	uitwerking geeft aan zijn moraal van de avond . Toch is De gillende keukenmeid een	parool_20001215_82
145	hoekig/adj/parool_20040921_52/380	kunt de teksten natuurlijk ook negeren . Blijft over : aanstekelijke , scherpe rocksongs met	hoekige	gitaarthema's en dansbare beats gespeeld door -letten jullie op , jongens en meisjes - een	parool_20040921_52
146	hoekig/adj/parool_19990330_101/194	Mark Rietman kan van de drie acteurs het beste spelen met zulke suspense . Zijn	hoekige	motoriek verraadt onderhuidse irritatie . Hij wankelt tussen de angst en de moed om te	parool_19990330_101
147	hoekig/adj/parool_19990215_28/354	sexy dansen . Niet in de betekenis van zacht en zwoel , maar hard ,	hoekig	en hitsig . In 1972 werd Fosse wereldberoemd met de verfilming van de musical Cabaret	parool_19990215_28
148	hoekig/adj/parool_19990724_30/421	bestrijden , werd de hulp ingeroepen van een bemiddelaar , de sjamaan . Als een	hoekig	figuur met oorbellen en een baard van echt haar stelt hij zich aan ons voor	parool_19990724_30
149	hoekig/adj/parool_20000722_84/2530	". 	 Hoe zit het ook weer , zijn Japanse stokjes nou rond en Chinese"	hoekig	, of is het net andersom ?	parool_20000722_84
150	hoekig/adj/parool_20020618_102/2336	de muur en de schil . Ook in de interieurs , eveneens vaak recht en	hoekig	opgebouwd , zorgen open doorgangen en lichtinvallen voor eenzelfde soort transparante eenheid . Roberto :	parool_20020618_102
151	hoekig/adj/parool_19990114_720/9	De dirigent heeft op momenten van gevoeligheid zijn	hoekige	fysiek tegen en is nu eenmaal eerder een controleur van de gelijkheid dan een predikant	parool_19990114_720
152	hoekig/adj/parool_19990623_121/1747	en van wand tot wand , waardoor ze zweven en de zalen een strakker en	hoekiger	aanzien geven . Ook het prentenkabinet is door Van Goor aangepakt . Weliswaar is de	parool_19990623_121
153	hoekig/adj/parool_20000510_77/511	van de jaren tachtig begon het echter bergafwaarts te gaan met de Rus . De	hoekige	Fiat-modellen werden dan wel vervangen door kleinere en iets modernere Samara's , maar het Nederlandse	parool_20000510_77
154	hoekig/adj/parool_19991113_13/155	gebouw van architect Herman Hertzberger is van buiten allesbehalve rond , maar het kaarsrechte ,	hoekige	gevaarte van groengetint glas en reusachtige balkons , gehuld in een houten jas , zindert	parool_19991113_13
155	hoekig/adj/parool_20010106_62/78	"mijn ei kwijt . 	 Met zijn volstrekt eigen stijl , die zich kenmerkt door"	hoekige	ritmiek , veel dynamiek en een verre van gelikt geluid , is Goudsmit een veelgevraagde	parool_20010106_62
156	hoekig/adj/parool_19990928_30/245	ritmisch stompende hardcore . Zoals de Beastie Boys vroeger schreeuwerige rap combineerden met snerpende ,	hoekige	gitaren , zo nam Kid Rock het een stap verder door de metal te benadrukken	parool_19990928_30
157	hoekig/adj/parool_19990528_46/685	"één daarvan is Misha Mengelberg . 	 Dat klinkt net als Misha : speels ,"	hoekig	". En ook een beetje dwars , op een kinderlijke manier . 	 Onder de"	parool_19990528_46
158	hoekig/adj/parool_20010303_49/349	mensachtige was , maken de twee op uit de tanden : die zijn klein ,	hoekig	en hebben een dikke laag glazuur - net als het gebit van de moderne mens	parool_20010303_49
159	hoekig/adj/parool_19990507_24/63	steeds hoorbaar in de huidige muziek van de protestgeneratie . In Nederland is die veelal	hoekig	en luid , in Frankrijk meer verfijnd en subtiel . Nederlanders vertellen gaarne hoe ze	parool_19990507_24
160	hoekig/adj/algemeen_dagblad_20030519_83/354	een musicalscript . De zes Stampertjes , slordige jongetjes met enorme bossen haar en hun	hoekige	vader sneuvelden bij het omwerken van het boek tot een musical . Toch spelen de	algemeen_dagblad_20030519_83
161	hoekig/adj/algemeen_dagblad_20031216_100/235	een dement soort dictator , tegen de achtergrond van zwarte banieren , gotische zuilen en	hoekige	symbolen . Gestoken in een zwart kruippakje marcheerde hij in het rond , terwijl hij	algemeen_dagblad_20031216_100
162	hoekig/adj/algemeen_dagblad_20000726_43/882	deuren opende , vindt nu bijna iedereen het gebouw een plaatje . Daarentegen roept de	hoekige	, grijze Neudeflat uit de jaren 60 unaniem afgrijzen op . The beauty and the	algemeen_dagblad_20000726_43
163	hoekig/adj/algemeen_dagblad_20021003_124/232	Simpsons iets belachelijk maken , onderkennen ze juist het belang ervan . De gele ,	hoekige	figuren Homer , Marge en hun kinderen - de sociaal gehandicapte Bart , betweetster Lisa	algemeen_dagblad_20021003_124
164	hoekig/adj/algemeen_dagblad_20021012_176/57	positie gehouden met een enkele opvallende staaldraad aan de bovenkant . Aan het uiteinde een	hoekig	aluminium kapje met een kek handgreepje aan de onderkant . ` Halogeen ' is de	algemeen_dagblad_20021012_176
165	hoekig/adj/algemeen_dagblad_20010223_145/31	Taal benadrukt dat de meeste kwetsuren op de tennisbaan het gevolg zijn van verkrampt of	hoekig	"slaan . 	 Bij de huis- , tuin- en keukentennissers zie je daarom dikwijls de"	algemeen_dagblad_20010223_145
166	hoekig/adj/algemeen_dagblad_20001209_139/1363	in het mooie gezicht van een zwarte vrouw . Constance draagt een gouden brilletje met	hoekige	glazen . Ze lacht verlegen . Haar stem is zacht . Net als de hand	algemeen_dagblad_20001209_139
167	hoekig/adj/algemeen_dagblad_20020309_166/166	te zien dat hij is afgeleid van een bestelwagen . Met zijn hoge dak ,	hoekige	lijnen en steile voorruit zal je de buurman niet gauw de ogen uitsteken . Maar	algemeen_dagblad_20020309_166
168	hoekig/adj/algemeen_dagblad_20010224_116/1101	de nieuwe Aprilia RST1000 Futura ( prijs 28.990 ) heeft een heel eigen gezicht met	hoekige	"in plaats van de gangbare ronde vormen . 	 Zeer gedurfd 	 , vindt ook"	algemeen_dagblad_20010224_116
169	hoekig/adj/algemeen_dagblad_20031205_83/23	gezichten . De opening is puur Van Warmerdam : briljante visuele grappen , droge ,	hoekige	taal , een absurd-Hollands decor . Maar dan verplaatst het verhaal zich naar Spanje ,	algemeen_dagblad_20031205_83
170	hoekig/adj/algemeen_dagblad_20001115_45/77	the city , volledig uit aan het snelle leven in the Big Apple . De	hoekige	muziek van de vorige platen heeft plaats gemaakt voor soepele rock die herinnert aan het	algemeen_dagblad_20001115_45
171	hoekig/adj/algemeen_dagblad_20001216_35/209	Edge-gezicht die we eerder bij Ka en Focus zagen . Maar de scherpe lijnen en	hoekige	vormen daarvan zijn bij de Mondeo heel subtiel aangebracht . De Mondeo is niet uitgesproken	algemeen_dagblad_20001216_35
172	hoekig/adj/algemeen_dagblad_19990116_7/520	grote ruimtewagen zou verwachten en hij heeft een duidelijk eigen gezicht , dankzij de ietwat	hoekige	vormen in het front . De auto , met vier gewone portieren en een grote	algemeen_dagblad_19990116_7
173	hoekig/adj/algemeen_dagblad_20020413_155/93	, comfortabele gemak van alledaags gebruik . De Terracan daarentegen is een weinig verfijnde ,	hoekige	en beresterke 4x4 die zich graag het bos in laat sturen . Daarmee betreedt deze	algemeen_dagblad_20020413_155
174	hoekig/adj/algemeen_dagblad_19991023_77/574	kort ook verkrijgbaar voor de pc . De graphics zien er op de PSX wat	hoekiger	uit dan op de pc maar dat stoort niet echt . Beide versies hebben zo	algemeen_dagblad_19991023_77
175	hoekig/adj/algemeen_dagblad_19990128_30/272	dat begint met een ouverture van Rossini , ` L'Italiana in Algeri ' . De	hoekig	dirigerende Spanjaard Enrique Ricci lijkt niet meteen een grootse visie te hebben op dit vrolijke	algemeen_dagblad_19990128_30
176	hoekig/adj/algemeen_dagblad_20000819_118/326	geweld op tv en in Hollywood terugdringen . Over zijn eigen imago als pedante ,	hoekige	"man zei hij : 	 Ik ken mijn gebreken . Ik weet dat mensen soms"	algemeen_dagblad_20000819_118
177	hoekig/adj/algemeen_dagblad_20031017_73/17	proef je ook in de foto's van Hartmann en Jongerius : Nederland is rechter ,	hoekiger	en afstandelijker dan zo'n 25 of meer jaar geleden . Du Perron had gelijk ,	algemeen_dagblad_20031017_73
178	hoekig/adj/algemeen_dagblad_20020817_106/751	omvang van de Range Rover een moeilijk te overwinnen hindernis voor de motor . De	hoekige	carrosserie zorgt tevens voor een behoorlijk portie rijwind	algemeen_dagblad_20020817_106
179	hoekig/adj/algemeen_dagblad_19991218_306/396	Yaris ) , met de Celica slaan de Japanners duidelijk een andere weg in .	Hoekig	en scherp zijn ook nog steeds welkom , zoals uit de vormgeving van deze coupé	algemeen_dagblad_19991218_306
180	hoekig/adj/algemeen_dagblad_20020330_147/542	houden . Even naar achteren lopen is er dus niet bij . Juist door de	hoekige	achterkant is het laadvolume indrukwekkend . En even gemakkelijk kunnen zeven personen worden vervoerd ,	algemeen_dagblad_20020330_147
181	hoekig/adj/algemeen_dagblad_19990923_11/58	"verwacht dat niet bij de EO . 	 Ook buiten beeld zijn de gebaren even"	hoekig	"als zijn interviewtechnieken . Andries Knevel ( 47 ) berustend : 	 Heb ik van"	algemeen_dagblad_19990923_11
182	hoekig/adj/algemeen_dagblad_20010811_168/2344	de zwartwitfilm , en dat daardoor zijn glanzende kuif , zijn leep geloken ogen en	hoekige	kaak zo prima uitkomen . Bovendien maakte hij zijn entree in een tijd dat Hollywood	algemeen_dagblad_20010811_168
183	hoekig/adj/algemeen_dagblad_20010322_169/110	van tegenspeler Jonathan Pryce de Britse high society betovert . De 24-jarige McCutcheon speelde een	hoekige	barmeid in Eastenders ; haar dood in de serie kluisterde 22 miljoen Britten aan het	algemeen_dagblad_20010322_169
184	hoekig/adj/algemeen_dagblad_20020306_137/238	"het liever lyrisch : 	 Landschappen als een Shakespeariaans drama , met jagende wolkenluchten boven"	hoekige	kantelen . Een grillige kustlijn , waar zeeschuim opspat tegen door tijd geplooide rotsen .	algemeen_dagblad_20020306_137
185	hoekig/adj/algemeen_dagblad_20010619_107/546	is heel oud en dus afgesleten . Dat glijdt weg . Jong rivierzand is nog	hoekig	"en lijkt als het ware op blokken . Dat is veel steviger . 	 Maar"	algemeen_dagblad_20010619_107
186	hoekig/adj/algemeen_dagblad_20040304_116/324	van het oorspronkelijke Franse stripverhaal dat -zoals zoveel stripverhalen -grotendeels bestaat uit vlakke figuren met	hoekige	kaken , eikenhouten karakters en nogal droge , seksloze levens . Alles draait immers om	algemeen_dagblad_20040304_116
187	hoekig/adj/algemeen_dagblad_20040925_127/111	prijskaartje van ¤ 1500 tot ¤ 2206 . Dit ligt aan het inbouwsysteem én de	hoekige	vorm van deze kast . Vakindelingen zijn naar keuze te leveren . De hoekladen (	algemeen_dagblad_20040925_127
188	hoekig/adj/algemeen_dagblad_19991016_130/182	( toch iets te veel afgekeken van Fords New Edge Design ) , des te	hoekiger	is de achterkant . Daar is alles bijna kaarsrecht en vierkant met scherpe randen en	algemeen_dagblad_19991016_130
189	hoekig/adj/algemeen_dagblad_20000115_90/565	van een Jeep Grand Cherokee en een hatchback-gezinswagen kreeg een vooruitstrevende vormgeving . Behalve de	hoekige	vormen is de schuin aflopende achterkant het opmerkelijkst . De 3,5 liter V6 zorgt ervoor	algemeen_dagblad_20000115_90
190	hoekig/adj/algemeen_dagblad_20010129_123/190	van Frankenstein stond Soustrot gebogen over het orkest te zwaaien . Met grote , wat	hoekige	maar altijd effectieve en duidelijke arm- en handgebaren bracht hij het RSO tot wonderbaarlijk mooi	algemeen_dagblad_20010129_123
191	hoekig/adj/algemeen_dagblad_20010212_43/373	zijn beginjaren toen de grote kledingbedrijven zich niet massaal meldden voor de onbekende , ietwat	hoekige	baseliner . In afwachting daarvan sloot Haarhuis toen een contract met warenhuis Hema , een	algemeen_dagblad_20010212_43
192	hoekig/adj/algemeen_dagblad_20030906_105/235	heeft de vijfdeurs middenklasser een moderner gezicht gegeven . Hij blijft herkenbaar , maar de	hoekige	vormen van de supermini personenauto maakten plaats voor zachte lijnen . De neus werd ronder	algemeen_dagblad_20030906_105
193	hoekig/adj/algemeen_dagblad_20000705_60/162	alleen zijn armen en bovenlijf . In opperste concentratie maakt hij vloeiende lijnen , danst	hoekig	en dan weer met de haperende bewegingen van een breakdancer . Hoe mooi ook ,	algemeen_dagblad_20000705_60
194	hoekig/adj/algemeen_dagblad_20040206_92/256	. Westendorps wereld was een grappige . Stoelen waren soms schots en scheef , vogeltjes	hoekig	, neusjes wipten en haren piekten wild overeind . Al als kleine meid stopte de	algemeen_dagblad_20040206_92
195	hoekig/adj/de_morgen_20040705_01_102/287	om te verbergen dat ze daar bijzonder blij om waren . Gitarist Nick McCarthy combineerde	hoekige	danspasjes met oersimpele , maar onweerstaanbare riedeltjes terwijl zanger Alex Kapranos de kunst verstond om	de_morgen_20040705_01_102
196	hoekig/adj/de_morgen_20030102_01_72/31	vlak van grafische technieken een naam van betekenis heeft , beschikt over een kleine ,	hoekige	en semimodernistische tentoonstellingsruimte met op de witte gevel een plaats-juistwerk van de Brusselse kunstenaar Peter	de_morgen_20030102_01_72
197	hoekig/adj/de_morgen_20000329_01_8/669	de deur krakend open , en Lketinga staat in de opening . Zijn gelaatstrekken zijn	hoekig	, van zijn vrolijkheid is niets meer over . Hij kauwt miraa ( een plant	de_morgen_20000329_01_8
198	hoekig/adj/de_morgen_20000826_01_107/2686	. Buiten , op de overloop , kreunde de trap onder de last van iets	hoekigs	"en zwaars , dat trede voor trede naar boven gehesen werd . 	 Hierlangs 	"	de_morgen_20000826_01_107
199	hoekig/adj/de_morgen_20010827_01_88/374	zong met warme stem zwoele deuntjes , terwijl de vijf muzikanten afwisselend gezinsvriendelijke drum'n'bass en	hoekige	dance produceerden . Een opmerkelijke rol was daarbij weggelegd voor de cellist die vooral met	de_morgen_20010827_01_88
200	hoekig/adj/de_morgen_20030630_01_2/240	Marseille maar dan in een blinkend zwarte doos verpakt . De vochtinbrenger zit in een	hoekige	verstuiver die aan een Zippo doet denken , en de ( kleurloze ) nagellak in	de_morgen_20030630_01_2
201	hoekig/adj/de_morgen_20000504_01_59/244	op de uitslag van de rechtszaak te wachten . De inventieve fotografie wordt soms nogal	hoekig	en voorzien van overdadige muziek aan elkaar geplakt . Tot grote woede van Orson Welles	de_morgen_20000504_01_59
202	hoekig/adj/de_morgen_20000306_01_114/333	tal van in-situprojecten en dat is op zichzelf al zeer problematisch . In de zeer	hoekige	non-ruimtes van het hotel reconstrueerde Buren installaties zoals Ce lieu d'où , die in 1984	de_morgen_20000306_01_114
203	hoekig/adj/de_morgen_20010209_01_22/125	het werkelijk een unieke en complete wijn met indrukwekkende finesse . Jonge riesling kan wat	hoekig	lijken , daarom heeft hij minstens twee jaar nodig om prachtige aroma's van honing en	de_morgen_20010209_01_22
204	hoekig/adj/de_morgen_20041214_01_205/185	maar daar is op de scène niks van te merken . Er staat alleen een	hoekige	houten constructie , als een driedimensionaal vliegenraam . Dit ouderlijk huis wordt vertolkt door Jorgen	de_morgen_20041214_01_205
205	hoekig/adj/de_morgen_20001229_01_78/213	het aandeel al op zijn laagste koers stond . De grafiek van Dolmen is bijzonder	hoekig	. Naast de halfjaarcijfers komt er nauwelijks nieuws naar buiten . Het maakt dat de	de_morgen_20001229_01_78
206	hoekig/adj/de_morgen_20000302_01_45/706	op de voorgrond . In het ritme van de compositie en de spanning van de	hoekige	vormen trachtten ze tevens het hectische stadsleven weer te geven . De stijleenheid was echter	de_morgen_20000302_01_45
207	hoekig/adj/de_morgen_20030208_01_134/83	de nieuwbouw van de Amsterdamse architect Abel Cahen , een intrigerend spel van grijskleurige ,	hoekige	volumes waar de inmiddels veelbesproken scheve toren bovenuit steekt . De nieuwe architectuur is opvallend	de_morgen_20030208_01_134
208	hoekig/adj/de_morgen_20030704_01_55/126	parfum of handtassen heeft hij vandaag genoeg aan zijn monogram ; we kennen zelfs het	hoekige	handschrift van de oude man . In Parijs en grote omgeving is het al Henri	de_morgen_20030704_01_55
209	hoekig/adj/de_morgen_19990514_01_67/180	, maar nu al worden in de weekends veel belangstellenden rondgeleid . Het langgerekte ,	hoekige	gebouw wordt vergeleken met een opengevouwen jodenster , een verbrijzeld hakenkruis , een bliksemschicht .	de_morgen_19990514_01_67
210	hoekig/adj/de_morgen_20021127_01_78/96	expo op de rails . Het is een vroeg en duister portret gekenmerkt door een	hoekige	compositie . Een schitterende pub-litho Primevère ( 1926 ) illustreert al volop surrealistische knipoogjes .	de_morgen_20021127_01_78
211	hoekig/adj/de_morgen_20010630_01_168/3544	liggen op de grond . Het licht wringt zich tussen de scheuren door en tekent	hoekige	lijnen op de aarden vloer . Buiten op het haardvuur staat Bridget nshima te koken	de_morgen_20010630_01_168
212	hoekig/adj/de_morgen_20021211_01_102/196	kocht ik een bakske , en nog één , om te proberen die valse en	hoekige	sound na te doen . Eigenlijk ben ik maar op mijn tweeëntwintigste echt serieus beginnen	de_morgen_20021211_01_102
213	hoekig/adj/de_morgen_20000608_01_86/446	de AB meer als een uitgeslapen zakenman dan als een rockzanger uit . Maar zijn	hoekige	bewegingen en grappige mimiek , vechtpartijen met de microfoon en opgeheven pootje , als van	de_morgen_20000608_01_86
214	hoekig/adj/de_morgen_19990514_01_66/30	van Daniel Libeskind gerealiseerd . Ze tonen erg uiteenlopende bouwvormen , met als uitgangspunt veelal	hoekige	, geschakelde volumes . Het Joods Museum in San Francisco ( begin van de bouw	de_morgen_19990514_01_66
215	hoekig/adj/de_morgen_20000226_01_124/2540	"hitte . 	 Hij is amper twintig , een donkere jongen uit Tanger met de"	hoekige	gelaatstrekken van een bedoeïen . Stukje bij beetje zal ik zijn puzzel samenstellen . Precies	de_morgen_20000226_01_124
216	hoekig/adj/de_morgen_19991204_01_104/506	trompet en piano ingeduffelde ' Lotus ' , het technoslaapliedje ' Asleep ' of het	hoekige	' Many Weathers Apart ' . Rangschikken onder : eclectisch , ambitieus en intrigerend .	de_morgen_19991204_01_104
217	hoekig/adj/de_morgen_20020522_01_104/582	en toe vals te spelen , want de moves die ze maken zijn soms zo	hoekig	"dat ze computergestuurd lijken . 	 Isolde ( 20 ) , Colette ( 19 )"	de_morgen_20020522_01_104
218	hoekig/adj/de_morgen_20011214_01_94/74	keer leeft vooral kranige strijdlust in zijn muziek . De traditionele zangerigheid maakt plaats voor	hoekige	heftigheid , al blijft de onuitputtelijke thematische vindingrijkheid behouden . Penetrante ritmiek en over alle	de_morgen_20011214_01_94
219	hoekig/adj/de_morgen_20010723_01_97/1440	parels als '16 Shells From A Thirty-Ought Six ' , dat meer bluesy en minder	hoekig	klonk , en ' Gin Soaked Boy ' . Ook het speciaal door Waits en	de_morgen_20010723_01_97
220	hoekig/adj/de_morgen_20030724_01_43/332	The Grooms draaide Mauro dinsdagavond op de Oude Beestenmarkt een zoveelste blik songs open :	hoekige	trashrock in aloude Superstars-traditie . In amper drie kwartier joeg de groep , die enkel	de_morgen_20030724_01_43
221	hoekig/adj/de_morgen_20041231_01_179/713	van die bijdragen aan onder meer Zemstra , speelt Rosinski met stijlen . De wat	hoekige	stijl uit zijn jeugdjaren gaat over in een eerst knullige , dan karikaturale stijl (	de_morgen_20041231_01_179
222	hoekig/adj/de_morgen_20030104_01_100/407	Het heeft iets kwetsbaars om de sierlijke , geoefende danser Burrows en de stugge ,	hoekig	bewegende Fargion zo geconcentreerd naast elkaar te zien zitten . Tegelijkertijd is deze compositie gedurfd	de_morgen_20030104_01_100
223	hoekig/adj/de_morgen_20010124_01_47/297	boeiende als grillige werk ook nog eens ongebaande paden betrad . In de daaropvolgende ,	hoekig	komische roman De ziekte van Middleton ( 1969 ) , werd de lezer dan weer	de_morgen_20010124_01_47
224	hoekig/adj/de_morgen_20030115_01_133/511	zijn onhandigheid wel degelijk speelt . De Niro hervat op de set weer even zijn	hoekige	, gevaarlijke persoonlijkheid . Dat mag echter niet te lang duren want de makers doen	de_morgen_20030115_01_133
225	hoekig/adj/de_morgen_20000901_01_114/48	de bronzen vrouwenlichamen van beeldhouwer George Grard ( 1901-1984 ) . Wonderlijk genoeg rijmen de	hoekige	, fundamentele stenen van Johan Parmentier ( 1952 ) op de bevallige beelden die hier	de_morgen_20000901_01_114
226	hoekig/adj/de_standaard_20010807_01_79/536	achter het helse gebeuren is The Edge . De gitarist beheerst met rake licks ,	hoekige	grooves en snijdende solo's de totaalsound van U2 anno 2001 . Ook wanneer Bono's stem	de_standaard_20010807_01_79
227	hoekig/adj/de_standaard_20021211_01_16/423	figuurtjes blijven . Klaas Verplancke tekende een Christusfiguur met Memling-haar , maar vooral met de	hoekige	, melancholische trekken uit zijn ander werk . Geert Vervaeke onttrok zich helemaal aan de	de_standaard_20021211_01_16
228	hoekig/adj/de_standaard_20020204_01_100/163	nieuw deel begint , vallen er weinig verrassingen te rapen . Het allegretto blijft eenzijdig	hoekig	. De strijkers vallen de accenten steeds opnieuw ruw aan . Deze letterlijke vertolking moet	de_standaard_20020204_01_100
229	hoekig/adj/de_standaard_19990120_01_11/190	zinnelijkheid maken deze films erg aantrekkelijk . Maar naast de levendigheid is er ook een	hoekig	, ietwat theoretisch kantje . Aan de basis van de films ligt veeleer een stelling	de_standaard_19990120_01_11
230	hoekig/adj/de_standaard_20000619_01_104/479	allen met oorschelpjes ) speelde even ontspannen als scherp . De zanger , met zijn	hoekige	lichaamstaal , leefde zich helemaal uit : het is bekend dat hij veel liever concerteert	de_standaard_20000619_01_104
231	hoekig/adj/de_standaard_20031128_01_93/740	maar op de duur ook erg eentonig . Het derde deel is herleid tot een	hoekig	en bombastisch geheel . Gardiner laat zoveel bruuske accenten leggen dat Beethovens melodieën herleid worden	de_standaard_20031128_01_93
232	hoekig/adj/de_standaard_20030531_01_90/1556	". Het openingsstuk van deze cd , 	 877-Soul 	 , steunt op een stevig"	hoekig	thema en sleurt je mee in een film-noir-atmosfeer . Vijf van de negen stukken hebben	de_standaard_20030531_01_90
233	hoekig/adj/de_standaard_19990804_01_12/1258	georkestreerde geometrische en rationele tuinaanleg , afgestemd op de paleisarchitectuur , met brede lanen en	hoekige	vijvers . De maquette voor de Oranjerie en de tuinen voor het paleis van Gotha	de_standaard_19990804_01_12
234	hoekig/adj/de_standaard_20010302_01_19/58	mausoleumstad Oxford als troost . Hieke Jippes , foto's vrt De King's Arms , een	hoekige	, roomwitgeverfde uitspanning op de hoek van Parks Road en Holywell Street , zit vol	de_standaard_20010302_01_19
235	hoekig/adj/de_standaard_19990607_01_6/124	. De Joegoslavische generaals hebben tijdens de besprekingen over de terugtrekking uit Kosovo uitgebreid de	hoekige	generaal met de roestige stem leren kennen . De Britse generaal is goed bekend met	de_standaard_19990607_01_6
236	hoekig/adj/de_standaard_20030503_01_89/938	muziek is relaxter en minder grillig dan we van Coleman gewoon zijn . Zijn typische	hoekige	saxofoonlijnen kenmerken nog wel het openingsstuk , maar het is de warme bas van Reggie	de_standaard_20030503_01_89
237	hoekig/adj/de_standaard_20030308_01_21/85	onder de tafelrand , onopgemerkt in kunnen graaien . Het woord handtas is veel te	hoekig	voor wat het is . Het Franse sacoche klinkt zoals het ding moet zijn .	de_standaard_20030308_01_21
238	hoekig/adj/de_standaard_20030315_01_121/344	beetje goed uitziet en vlot rijdt . Er is gekozen voor een strakke , eerder	hoekige	look , zakelijk elegant maar tevens voldoende imposant , onder meer door de opvallende verticale	de_standaard_20030315_01_121
239	hoekig/adj/de_standaard_20021024_01_123/194	"discipelen niet lang in de steek : megahits als 	 Broken home 	 of het"	hoekige	"	 Last resort 	 ( een song over zelfmoord ) daverden door de zaal met"	de_standaard_20021024_01_123
240	hoekig/adj/de_standaard_20000331_01_6/656	de mobiele telefonie te beurt viel , zal binnenkort ook de digitale beeldvorming bereiken .	Hoekige	, metalen body's stralen nog altijd een sobere klasse uit , en dat strookt perfect	de_standaard_20000331_01_6
241	hoekig/adj/de_standaard_20031108_01_3/740	zijn hoofd zouden vallen . Als zo'n vrucht van drie kilo , met harde ,	hoekige	stekels , van twintig meter hoogte op je dakpan terechtkomt , dan kan het je	de_standaard_20031108_01_3
242	hoekig/adj/de_standaard_20010926_01_117/141	berooid . Dat leidt tot het type zielenpoot dat De Graef graag neerzet : opgetrokken	hoekige	schouders , hangarmen , slepende tred , hoog stemmetje , zoekend naar woorden . De	de_standaard_20010926_01_117
243	hoekig/adj/de_standaard_20030201_01_103/46	stijlen die op zijn beurt haast een nieuwe stijl wordt . Die is sensueel ,	hoekig	en funky , poëtisch en kleurrijk . Wat Marisa Monte , Carlinhos Brown en Arnaldo	de_standaard_20030201_01_103
244	hoekig/adj/de_standaard_20000902_01_99/97	Donderdagochtend verbrak hij dat stilzwijgen in een gesprek met De Standaard . De CVP-senator is	hoekig	en bonkig gebleven in taalgebruik en lichaamstaal . Hij maakt van meetaf aan duidelijk dat	de_standaard_20000902_01_99
245	hoekig/adj/de_standaard_20020316_01_138/368	zo'n synthese na . Uitgangspunt is het pianowerk Les litanies d'Icare , gedreven door de	hoekige	speelstijl van Frederic Rzewski . Het orkestwerk Les fouiles de Jéruzona introduceert aleatoriek en het	de_standaard_20020316_01_138
246	hoekig/adj/de_standaard_20011130_01_6/1459	eerste , opmerkelijke millésime maakte , werd de komeet de mascotte van de weduwe .	Hoekig	en oranjegeel is ook de nieuwe ( en uiteraard waterdichte ) kartonnen champagnekoeler van Veuve	de_standaard_20011130_01_6
247	hoekig/adj/de_standaard_20030517_01_89/1226	resulteerde ook in een wat particuliere vormgeving : de VP-D5000i is een gestuikte , wat	hoekige	jongen , met een gewicht van 700 gram . Belangrijk is dat Samsung ook voor	de_standaard_20030517_01_89
248	hoekig/adj/de_standaard_20041015_01_58/522	presentatie , maar de accordeoniste Ann Nibold . In een swingend Macedonisch stuk speelde ze	hoekig	en expressionistisch , met rauwe strepen die een prachtig contrast vormden met de soepele swing	de_standaard_20041015_01_58
249	hoekig/adj/de_standaard_20011213_01_91/390	onlangs verschenen bundel Veldwerk.De verhalen zijn aanvankelijk vaak goed te volgen , al zijn ze	hoekig	"geschreven , en hier en daar zijn ze ook humoristisch . Het slotverhaal dat 	"	de_standaard_20011213_01_91
250	hoekig/adj/de_standaard_20020718_01_79/528	strakke lijnen . Ook die rommel vangt hij in de veilige en overzichtelijke structuren van	hoekige	kastjes en kaders . In die zin vormt het plastisch oeuvre zowat de tegenpool van	de_standaard_20020718_01_79
251	hoekig/adj/de_standaard_20021106_01_121/25	acht jaar krijgt Studio Brussel een nieuw logo . Het robuuste , zwarte logo met	hoekige	letters maakt plaats voor een rode ellips met in ronde , witte letters de naam	de_standaard_20021106_01_121
252	hoekig/adj/de_standaard_20011229_01_53/89	met hun jongste werk Atlantis.Beiden hebben een heel stuk weg afgelegd . Hun animatie is	hoekiger	en meer volwassen geworden . Al kan dat gedeeltelijk te wijten zijn aan het onderwerp	de_standaard_20011229_01_53
253	hoekig/adj/de_standaard_20030927_01_112/37	C3 . De C2 heeft misschien wel dezelfde technische basis , maar is korter ,	hoekiger	en vooral eigenzinniger gelijnd . Met de C2 brengt Citroën een prettig gestoorde opvolger van	de_standaard_20030927_01_112
254	hoekig/adj/de_standaard_19990712_01_89/418	klassieke aard tegenover stellen . Topacts uit de hitparade had het festival nauwelijks . Wel	hoekige	, geweldig energieke punk , of experimentele pogingen om een beperkt genre toch nieuw leven	de_standaard_19990712_01_89
255	hoekig/adj/de_standaard_20040623_01_103/389	dan dat t nooit voorbij zou gaan . ' Maar 't ging voorbij . Het	hoekige	open trammetje werd ingeruild voor een gestroomlijnde bus , de melkboer voor de winkel ,	de_standaard_20040623_01_103
256	hoekig/adj/de_standaard_20000902_01_17/91	van de Tafelberg in Zuid-Afrika terwijl hij op de tamtam speelde . Jean-Luc Dehaene is	hoekig	en bonkig gebleven in taalgebruik en lichaamstaal . Zijn woorden kunnen het tempo van zijn	de_standaard_20000902_01_17
257	hoekig/adj/de_standaard_20030707_01_92/535	van het gevoel dat hij wilde uitdrukken . Zijn palet werd feller , zijn vormen	hoekiger	, zijn uitdrukking intenser . Zijn onderwerpen haalde hij uit het dagelijks leven : een	de_standaard_20030707_01_92
258	hoekig/adj/de_standaard_20040705_01_69/178	werden door iedereen meegebruld ! Onwaarschijnlijk . Het gaf Franz Ferdinand een enorme drive en	hoekige	", blanke funksongs zoals 	 Tell her tonight 	 , 	 Take me out 	"	de_standaard_20040705_01_69
259	hoekig/adj/de_standaard_20010119_01_69/480	bijgestuurd naargelang de ondergrond . De nieuwe styling uit zich in een moderner , minder	hoekig	tweekleurig koetswerk . Binnenin is er meer been- , hoofd- en schouderruimte voor alle inzittenden	de_standaard_20010119_01_69
260	hoekig/adj/de_standaard_19990505_01_16/440	een beetje door her en der wat humor te droppen . Die benadering neemt het	hoekige	en het getelefoneerde van de hele onderneming niet weg . Richard is bovendien een totaal	de_standaard_19990505_01_16
261	hoekig/adj/het_laatste_nieuws_20011005_01_503/565	De nieuwe VFR doet meteen aan de Aprilia Futura denken want hij ziet er even	hoekig	uit . Bij Honda noemen ze dat m andquot; mysterieus cool andquot; . Innerlijk werd	het_laatste_nieuws_20011005_01_503
262	hoekig/adj/het_laatste_nieuws_20011228_01_485/603	met gekoelde minibar , airbags à go-go . jeep cherokee De oer-Amerikaanse terreinwagen heeft zijn	hoekige	lijnen verloren en een bevalliger koetswerk gekregen . Ronde koplampen flankeren het typische radiatorrooster met	het_laatste_nieuws_20011228_01_485
263	hoekig/adj/het_laatste_nieuws_20021207_01_528/178	( 72 euro ) . BIJ ZESHOEKIG DECOLLETE Erg flatterend bij een jurk met een	hoekig	decolleté . De collier in de vorm van een sierkraagje bestaat uit pareltjes en tussenstukken	het_laatste_nieuws_20021207_01_528
264	hoekig/adj/het_laatste_nieuws_20020219_01_416/17	LAARZEN VAN YASMINA andquot; Sergio kleedt zich goed . Alles in één kleur , een	hoekige	vest , zware stoffen ... andapos;t Is één blok graniet , en de kleding benadrukt	het_laatste_nieuws_20020219_01_416
265	hoekig/adj/het_laatste_nieuws_20020531_01_413/28	. So what ? De Duitse fabriek is de maker van de Trabant , het	hoekige	, aartslelijke en milieuonvriendelijke wagentje dat de gewezen Oost-Duitsers als hun trots aanzagen . Gisteren	het_laatste_nieuws_20020531_01_413
266	hoekig/adj/het_laatste_nieuws_20010914_01_472/639	ons . Ze maakten cynische grappen . Ze reconstrueerden slechts één bruuske beweging : een	hoekige	bocht nemen met een snelheid van vijftig per uur . Ze wilden enkel aantonen dat	het_laatste_nieuws_20010914_01_472
267	hoekig/adj/het_laatste_nieuws_20010727_01_365/129	zelfs bijpassende koffers voor de Futura te koop en ook die zijn stilistisch al even	hoekig	als een Picasso . Zelfs van het dashboard hebben ze een digitaal kunstwerk gemaakt met	het_laatste_nieuws_20010727_01_365
268	hoekig/adj/het_nieuwsblad_19990114_01_446/128	, de handen groot of te groot , het geslacht onbeschaamd ontbloot , de lichamen	hoekig	, de lippen en de tepels agressief rood , letterlijk werk met kloten . Je	het_nieuwsblad_19990114_01_446
269	hoekig/adj/het_nieuwsblad_20001109_01_512/397	meter groot , slanke lichaamsbouw en had kort lichtbruin/blond haar . Zijn gezicht was eerder	hoekig	met een scherpe neus . De tweede overvaller droeg een okergele blouson met grijze verticale	het_nieuwsblad_20001109_01_512
270	hoekig/adj/het_nieuwsblad_20000129_01_790/843	notatiesystemen die door elkaar gebruikt worden , naargelang de context . Een Chinees personage krijgt	hoekige	ideogrammen , terwijl de tekst van een westerling wordt geschreven in het horizontale katakana-schrift ,	het_nieuwsblad_20000129_01_790
271	hoekig/adj/het_nieuwsblad_20030627_01_68/20	zand , afkomstig uit Ardense zandgroeven vormen de grondstof . Het zand heeft een tamelijk	hoekige	vierkantige korrel , om het stapelen te vergemakkelijken . Kraanman Marc Huys verdeelt het zand	het_nieuwsblad_20030627_01_68
272	hoekig/adj/het_nieuwsblad_20020404_01_586/155	plaats . Daar waar de weg een lichte bocht naar rechts maakt en de met	hoekige	kasseien bezaaide ondergrond een verzakking vertoont . Robert Sassone , een Franse pistier , greep	het_nieuwsblad_20020404_01_586
273	hoekig/adj/het_nieuwsblad_20010530_01_172/47	aan met stoere bonken uit naburige landen . Stans Obersdorf en Sims leverde een stel	hoekige	Zwitsers , St.-Pats uit Engeland Highlanders met forse spierballen . En de Nederlanders leverden enkele	het_nieuwsblad_20010530_01_172
274	hoekig/adj/het_nieuwsblad_20041011_01_158/144	is , betreft het hier een organisatie van de Fifa . Omdat hun trouwringen niet	hoekig	waren , mochten Goor en Sonck uiteindelijk toch spelen met hun ring aan . (	het_nieuwsblad_20041011_01_158
275	hoekig/adj/het_nieuwsblad_20010113_01_695/52	is de minimono of MPC ( Mini People Carrier ) , meestal een hoog en	hoekig	, maar vooral handig , polyvalent stadskarretje . De kleine monovolumer was tot hiertoe een	het_nieuwsblad_20010113_01_695
276	hoekig/adj/het_nieuwsblad_20030228_01_56/123	en dat tot boven in de top . Daarnaast plant hij nog vijf strakke ,	hoekige	wolkenkrabbers en diverse lagere bouwwerken . De kostprijs wordt geschat op 330 miljoen euro .	het_nieuwsblad_20030228_01_56
277	hoekig/adj/het_nieuwsblad_20001207_01_501/208	uitwijken voor de betonnen richels van de plantenperken , die te hoog uitsteken en te	hoekig	zijn . Dat verhoogt de kans op een aanrijding . Ook de parkeerplaatsen tussen de	het_nieuwsblad_20001207_01_501
278	hoekig/adj/het_nieuwsblad_20021130_01_770/195	The Machine . En kijk : het klinkt precies zoals een mens zou denken .	Hoekige	, macho gitaarriffs , potige metalsongs en een fors uithalende stem . Uitstekend geproduceerd door	het_nieuwsblad_20021130_01_770
279	hoekig/adj/het_nieuwsblad_20001027_01_469/53	cavalerie kreeg hij de voorbije dagen met verbazend gemak tegen het canvas , maar de	hoekige	Oost-Vlaamse verzorger Jef D'hont bleef rechtop staan in een felle storm van rechtstreekse en onrechtstreekse	het_nieuwsblad_20001027_01_469
