id	left	target	right	file
spoor/noun/nrc_handelsblad_20000127_56/518	De aanklagers hebben het alibi van Musema steeds verworpen . Ze zeiden dat hij zijn	sporen	zeer bekwaam had uitgewist . Musema werd vijf jaar geleden aangehouden in Zwitserland waar hij	nrc_handelsblad_20000127_56
spoor/noun/nrc_handelsblad_20000823_29/45	"de moord noemden ze 	 haat tegen buitenlanders 	 . De drie toonden geen enkel"	spoor	van berouw , maar ontkenden de bedoeling te hebben gead Adriano te vermoorden . Dat	nrc_handelsblad_20000823_29
spoor/noun/nrc_handelsblad_20031212_03/52	is . Maar al is het geen grote hit , het nummer heeft wel zijn	sporen	nagelaten in ons leven . Is het je opgevallen ? Al die mensen die plotseling	nrc_handelsblad_20031212_03
spoor/noun/nrc_handelsblad_20010125_74/330	verder ook maar een scheurtje in het pleisterwerk te zien . Er is zelfs geen	spoor	meer aanwijsbaar van de aanval van de elitetroepen van het door de VS getrainde Atlacatl-bataljon	nrc_handelsblad_20010125_74
spoor/noun/nrc_handelsblad_20021004_159/1039	Dat is een ingreep die van literair meesterschap getuigt . We waren eerlijk gezegd het	spoor	een beetje bijster geraakt tussen de bemanningsleden van uiteenlopende zeeslepers , en ook Jans vrouw	nrc_handelsblad_20021004_159
spoor/noun/nrc_handelsblad_20010127_9/125	dat niet te binnen wilde schieten wat het nu precies was dat Darwin op het	spoor	van de evolutieleer en de soortvorming zette . Darwin was geen man van de puntige	nrc_handelsblad_20010127_9
spoor/noun/nrc_handelsblad_20040529_206/499	de gotische sfeer die bijna iedere gebeurtenis in een verdacht licht plaatst , de valse	sporen	die vooral de lezer op het verkeerde been zetten , de theorieën over het wezen	nrc_handelsblad_20040529_206
spoor/noun/nrc_handelsblad_20040410_196/306	"tijd is ontstaan . 	 soortvorming Bovendien denkt Lenski dat hij toch iets op het"	spoor	is dat op soortvorming lijkt . ` ` De meeste van de twaalf populaties zijn	nrc_handelsblad_20040410_196
spoor/noun/nrc_handelsblad_20020206_30/120	uit West-Europa , dat in India gerecycled wordt . Zie tv-vooraf . Ned.3 , 20.02-20.32u.	Sporen	van Erasmus . Eerste van een serie documentaires over het erfgoed van Erasmus . Vandaag	nrc_handelsblad_20020206_30
spoor/noun/nrc_handelsblad_19991228_39/271	doen dan de rest van de markt . Elsevier steeg driekwart procent . In het	spoor	volgden Wolters Kluwer , dat ruim een procent won , en VNU met bijna drie	nrc_handelsblad_19991228_39
spoor/noun/nrc_handelsblad_19990724_29/374	eens dat de Europese verovering van het continent tot op de dag van vandaag diepe	sporen	heeft nagelaten op hun aanwezigheid , die duizenden jaren teruggaat in de geschiedenis . In	nrc_handelsblad_19990724_29
spoor/noun/nrc_handelsblad_20010614_149/78	podiumkunstenaars . En dan met name ` de geborgenheid , de afwezigheid en de achtergelaten	sporen	van het lichaam ' . Embodiment opent op 15 juni 18u en de betrokken galeries	nrc_handelsblad_20010614_149
spoor/noun/nrc_handelsblad_20020415_116/1032	. Volgens De Schutter moest Barrez Van Noppen alleen intimideren . Via hen leidde het	spoor	naar veehandelaar Germain Daenen en uiteindelijk naar Vercauteren , die beiden ontkennen . Flor van	nrc_handelsblad_20020415_116
spoor/noun/nrc_handelsblad_20031113_02/42	met wasstraat , of soms een kleine kiosk . Af en toe houdt het verhoogde	spoor	gewoon midden op een kruispunt abrupt op . Het viaduct loopt voor een groot deel	nrc_handelsblad_20031113_02
spoor/noun/nrc_handelsblad_20040115_02/16	De familie van het echtpaar deed vervolgens aangifte van vermissing . De politie zocht naar	sporen	in België , liet de portretten van het echtpaar verspreiden , maar dat leverde geen	nrc_handelsblad_20040115_02
spoor/noun/nrc_handelsblad_20000708_69/533	de NS stijgen . De extra-opbrengst van ons sta-kaartje wordt geïnvesteerd in het geprivatiseerde Britse	spoor	dat nog grotere tekorten kent . De Europese vrije markt onderscheidt zich door grote solidariteit	nrc_handelsblad_20000708_69
spoor/noun/nrc_handelsblad_19991020_89/248	aangetroffen , van 100 milligram per milliliter . Daarmee zou de drievoudig olympisch kampioene mogelijke	sporen	van het gebruik van verboden stimulerende middelen verdoezeld hebben . Soek en Bertels doen de	nrc_handelsblad_19991020_89
spoor/noun/nrc_handelsblad_20000325_60/3106	uit Kaliningrad , die al jaren als vrijwilliger de plaatselijke archieven uitpluist op zoek naar	sporen	"van verloren gewaande kunstschatten , heeft er deze maand de brui aan gegeven . 	"	nrc_handelsblad_20000325_60
spoor/noun/nrc_handelsblad_20011107_37/41	in 1995 en 1996 zeker achttien keer toesloeg . Het DNA-profiel dat is vastgesteld uit	sporen	die zijn aantroffen bij het meisje , komt overeen met het DNA van deze man	nrc_handelsblad_20011107_37
spoor/noun/nrc_handelsblad_20000706_159/793	terugkeer naar Schouwen-Duiveland . De zon schijnt volop als schipper Marcel van Mill een bruisend	spoor	richting Zeelandbrug trekt en een instructieve lus rond een paar pijlers maakt alvorens koers te	nrc_handelsblad_20000706_159
spoor/noun/nrc_handelsblad_20010505_30/275	toebehoort . Pas door raadpleging van het Art Loss Register kwamen de nazaten op het	spoor	van het verloren kunstwerk , dat in de oorlog ontvreemd zou zijn door een beheerder	nrc_handelsblad_20010505_30
spoor/noun/nrc_handelsblad_20000110_28/144	aanval van hyperventilatie en een onregelmatige hartslag geconstateerd . Een dag later vonden de artsen	sporen	van cocaïne in zijn urine . Hij had coke gesnoven , maar hij werd niet	nrc_handelsblad_20000110_28
spoor/noun/nrc_handelsblad_20020402_4/37	Cruz . Als gevolg van de hevige regenval ontstonden metershoge water- en modderstromen die een	spoor	van vernieling door de stad trokken . Tot nu toe zijn zes doden geborgen en	nrc_handelsblad_20020402_4
spoor/noun/nrc_handelsblad_20011114_15/1000	een niet te onderschatten pianiste en harpiste . Haar wilde , expressieve strijkersarrangementen hebben hun	sporen	in het geluid van 4 Hero nagelaten , net als haar gebruik van exotische ,	nrc_handelsblad_20011114_15
spoor/noun/nrc_handelsblad_20040210_123/111	terug naar het gerechtshof . Uit nieuw DNA-onderzoek blijkt dat er op het mes geen	sporen	van het slachtoffer of Louwes zitten . Bij de eerste dag van de herziening verdwijnt	nrc_handelsblad_20040210_123
spoor/noun/nrc_handelsblad_20010825_28/240	Verum , bonum , pulchrum . Reisverslag over een gezelschap Danteliefhebbers dat in Italië naar	sporen	van Dante zocht . Het gezelschap onder leiding van de vertalers Jacques Janssen en Ike	nrc_handelsblad_20010825_28
spoor/noun/nrc_handelsblad_20000218_142/1280	aardige van de samenwerking met de SSK is , dat de stichting ons op het	spoor	brengt van interessante kunstenaars waar je zelf niet zo snel opkomt . We hebben bijvoorbeeld	nrc_handelsblad_20000218_142
spoor/noun/nrc_handelsblad_20020911_129/658	anders dan een politieke liquidatie . Aanwijzing hiervoor is dat er niet alleen geen enkel	spoor	van verzet door Tosh was gevonden , maar ook dat er niets was weggenomen uit	nrc_handelsblad_20020911_129
spoor/noun/nrc_handelsblad_20020209_123/207	van de muur volgde een artistieke crisis - zonder duidelijk engagement waren de regisseurs het	spoor	kwijt . Daarna volgde een materiële crisis ; niemand had meer geld over voor theater	nrc_handelsblad_20020209_123
spoor/noun/nrc_handelsblad_20011005_6/250	van de militante beweging zich uit . Toen er in de regeringsgebouwen in Islamabad geen	spoor	van overzicht of terughoudendheid over was , richtten de fanaticide blik op het internationale terrorisme	nrc_handelsblad_20011005_6
spoor/noun/nrc_handelsblad_20020406_215/733	in de jaren tachtig een beetje pafferig was geworden , is vermagerd en toont de	sporen	van chemotherapie . Maar dit heeft Brilleaux er niet van weerhouden nog eens een sigaretje	nrc_handelsblad_20020406_215
spoor/noun/nrc_handelsblad_20030531_188/79	"gedragen 	 , zegt Ernstson . ` ` Zo'n inslag in sedimenten levert minder duidelijke"	sporen	op dan een inslag in kristallijn gesteente en is daardoor ook moeilijker als zodanig te	nrc_handelsblad_20030531_188
spoor/noun/nrc_handelsblad_20010818_117/2992	Hans Waldeck dat de Nederlandse overheid op het gebied van spoedeisende hulp op het verkeerde	spoor	"zit . 	 Zij zou veel meer moeten investeren in eerstehulptrainingen voor leken . Neem"	nrc_handelsblad_20010818_117
spoor/noun/nrc_handelsblad_20010607_125/748	bij elkaar . Zelfs enkele groepen zigeuners hebben zich ter dege voorbereid . In het	spoor	van de menigte trekken ze door de straten , duwen hun kinderen door de gebroken	nrc_handelsblad_20010607_125
spoor/noun/nrc_handelsblad_20020302_110/909	, die beslagleggen op onze aandacht en zelfs emoties , maar die uiteindelijk verdacht weinig	sporen	achterlaten . Nieuws dat je raakt , is nog geen ervaring . Wie huilt er	nrc_handelsblad_20020302_110
spoor/noun/volkskrant_19990113_3/295	de noordtak volgens plan zou worden aangelegd . Volgens hoofdingenieur Jansen is vervoer over bestaand	spoor	op den duur echter niet mogelijk . Ten eerste is de capaciteit te beperkt .	volkskrant_19990113_3
spoor/noun/volkskrant_20001130_16/336	Uit de stukken blijkt bovendien dat Netelenbos wil dat de overheid eigenaar wordt van het	spoor	tussen de stations , maar de NS van het spoor op de stations . Vrijwel	volkskrant_20001130_16
spoor/noun/volkskrant_20000308_75/17	Britse atleet Mark Richardson is voorlopig geschorst door de Britse atletiekbond . Bij hem zijn	sporen	van het omstreden middel nandrolon gevonden . De 27-jarige hardloper , specialist op de 400	volkskrant_20000308_75
spoor/noun/volkskrant_20010716_96/406	in tiende positie , maar bij een aanval op een concurrent koos hij een verkeerd	spoor	en reed hij zich vast in de modder . Zijn Husaberg sloeg af en bleef	volkskrant_20010716_96
spoor/noun/volkskrant_20000513_152/417	zwakke lenswerking te bestuderen , kun je de driedimensionale verdeling van donkere materie op het	spoor	komen . Dat is precies wat David Wittman en Anthony Tyson van Bell Laboratories in	volkskrant_20000513_152
spoor/noun/volkskrant_20041009_29/29	staat Angelo D. tegenover Marco H. en Jack S. op het verlaten terrein langs het	spoor	in Sittard . De Nomads geloven hem niet . Ze hebben iemand gevonden die zegt	volkskrant_20041009_29
spoor/noun/volkskrant_19990531_23/16	Wouters presenteert dat programma . Radio 2 , 12.02 uur . RADIOJOURNAAL Terug in het	spoor	van de The Beatles , die volgende week precies 35 jaar voor het eerst en	volkskrant_19990531_23
spoor/noun/volkskrant_20031108_30/105	worden betreden . Daarmee is , aldus de gemeente Amersfoort , de sprong over het	spoor	voltooid . Het stationsgebouw wordt aan beide zijden door een plein geflankeerd . Het nieuwe	volkskrant_20031108_30
spoor/noun/volkskrant_20001207_97/181	de Kamer nu op hoge toon een onderzoek eist naar de chaos op het Nederlandse	spoor	is dan ook misplaatst . Men zou de hand in eigen boezen moeten steken in	volkskrant_20001207_97
spoor/noun/volkskrant_20011004_116/402	het land . Gezien het informele karakter van hawala en het ontbreken van ieder papieren	spoor	, lijkt het logisch dat ondergronds bankieren een aandachtspunt is bij de speurtocht naar het	volkskrant_20011004_116
spoor/noun/volkskrant_20010322_37/396	een getuige beschuldigt de verdachte zonder feitelijke onderbouwing - echter ontoelaatbaar . Alleen met directe	sporen	, zoals W. 's vingerafdruk op een schriftje van N. , kon Temple voor de	volkskrant_20010322_37
spoor/noun/volkskrant_19991106_10/188	Twee gewonnen , twee verloren , beetje bij beetje komen we weer op het goede	spoor	terecht . ' De doelman had nooit gedacht dat hij na zijn Schotse voetbalavontuur in	volkskrant_19991106_10
spoor/noun/volkskrant_19990518_37/229	in een brief aan Sonia Gandhi . De briefschrijvers eisen verder dat de premier zijn	sporen	verdiend moet hebben in het maatschappelijk leven , een eis waaraan Gandhi moeilijk kan voldoen	volkskrant_19990518_37
spoor/noun/volkskrant_20010402_81/68	in Nederland er slecht voor staat . Jaren van bezuinigingen en publieke krapte hebben hun	sporen	nagelaten . Er zijn te weinig handen aan bed en lessenaar , de werkdruk is	volkskrant_20010402_81
spoor/noun/volkskrant_20010308_81/85	licht polijst door hem te dempen als ze hoog zingt . Haar teksten dragen de	sporen	van een doorleefd verleden . In haar accent weerklinkt haar zuidelijke afkomst - Louisiana .	volkskrant_20010308_81
spoor/noun/volkskrant_20010216_63/148	je bent toch journalist . ' Al vrij snel zag hij een dode in een	spoor	van bloed op het asfalt liggen , met op de achtergrond drie ontredderde brandweermannen die	volkskrant_20010216_63
spoor/noun/volkskrant_20000921_66/87	gevoel voor dramatiek . De Nederlandse hockeysters waren tijdens hun jacht naar olympisch goud het	spoor	volledig bijster geraakt , maar gisteren zette de ploeg met een 4-3 overwinning op Nieuw-Zeeland	volkskrant_20000921_66
spoor/noun/volkskrant_19990723_97/296	waar een misdrijf is gepleegd . ' Het team ondekte ook dat Serviërs hebben geprobeerd	sporen	van misdrijven uit te wissen . Lichamen van geëxecuteerden zijn verbrand . Het team heeft	volkskrant_19990723_97
spoor/noun/volkskrant_20030717_14/130	. Telkens weer schraapt ze de bodem van haar ziel af , op zoek naar	sporen	van tegenslag en onbehagen die voor algemeen gebruik geschikt zijn . Het is een genre	volkskrant_20030717_14
spoor/noun/volkskrant_20010716_45/166	weer te vertrekken . Ze is namelijk ook bijzonder eigenwijs . En dat laat zijn	sporen	na in de collegiale verhoudingen . Zij en ik zijn dus niet als de beste	volkskrant_20010716_45
spoor/noun/volkskrant_20010505_127/591	van apotheken zijn geen nieuw verschijnsel . OPG zit met de ketenvorming op een dubbel	spoor	. Naast de eigen OPG-apotheken ( die voor de patiënt niet herkenbaar zijn ) zijn	volkskrant_20010505_127
spoor/noun/volkskrant_20000624_129/115	Spopo ' behoort bewaking van de veiligheid van spoorwegovergangen . Om de gevaren van het	spoor	duidelijk te maken is over het pad naar de hoofdingang van het politiemuseum een onbewaakte	volkskrant_20000624_129
spoor/noun/volkskrant_19990508_92/121	een slangetje aan een fles gas zit . Langzaam de holle naald terugtrekken en een	spoor	van het gas achterlaten in de vis . Dan wordt de vis als nieuw en	volkskrant_19990508_92
spoor/noun/volkskrant_20010611_65/357	. Bij 11-10 in de derde set stond Clijsters , die voor het eerst enige	sporen	van vermoeidheid begon te vertonen , een break achter . Capriati kreeg echter niet de	volkskrant_20010611_65
spoor/noun/volkskrant_20010209_16/348	Kerk . Zo heeft Amsterdam wel prachtige torens gekregen , maar de variatie , de	sporen	van een historische groei ontbreken . Het silhouet van de stad , zo concludeert Jan	volkskrant_20010209_16
spoor/noun/volkskrant_20011227_123/397	de laatste omloop geklopt . Erik Hulzebosch had ze wel . Hij bleef in het	spoor	van Heideman en werd verrassend tweede . Nooit zat Hulzebosch zo dicht bij een Nederlandse	volkskrant_20011227_123
spoor/noun/volkskrant_19991228_87/3	In het	spoor	van grote broer Clarence verhuist ook Cedric Seedorf ( 16 ) naar Internazionale Milaan .	volkskrant_19991228_87
spoor/noun/volkskrant_20011222_202/125	heeft gespeeld . 25 Jaar lang dagelijks mijn portie Hollandse Kade . Dat heeft zijn	sporen	in mijn werk wel nagelaten . Koeien vooral . Maar ook in minder zichtbare vorm	volkskrant_20011222_202
spoor/noun/volkskrant_19990217_67/6	Boze Koerden hebben dinsdagavond een	spoor	van vernieling getrokken door de Haagse Schilderswijk . Ze duwden auto's omver , braken stoepen	volkskrant_19990217_67
spoor/noun/volkskrant_20020916_0/549	' hoopgevend ' . ' Drie weken geleden duidde niets op de intentie om het	spoor	van de Veiligheidsraad te volgen . ' De minister stelde dat het doel van inspecties	volkskrant_20020916_0
spoor/noun/volkskrant_20000414_101/1087	dat doel niet enkel het leven zelf was . Je moest door je leven een	spoor	achterlaten als je verdwenen was , iets waar de andere mensen het beter door zouden	volkskrant_20000414_101
spoor/noun/volkskrant_20020819_27/188	de raketmotor wel was ontbrand , want in de baan om de aarde was geen	spoor	van de sonde meer te ontdekken . Pas vrijdagavond laat kwam het slechte nieuws ,	volkskrant_20020819_27
spoor/noun/volkskrant_20040607_68/270	terugblik-programma . Soulfly , Life Of Agony , en Slayer : allemaal hebben ze hun	sporen	verdiend . Het gevoel van nostalgie werd hooguit beperkt gehouden door de paar vertegenwoordigers van	volkskrant_20040607_68
spoor/noun/volkskrant_20001122_64/129	het Midden-Oosten is gepolariseerd zou je verwachten dat het Europese beleid , waarbij in het	spoor	van de VS de principiële ongelijkheid tussen Israël en de Palestijnen wordt genegeerd , tenminste	volkskrant_20001122_64
spoor/noun/volkskrant_19990906_68/22	RCH vaststaat dat Tilburg niet meer kan degraderen slaagt Ben Thijssen er niet in de	sporen	van een zwaar seizoen te verdringen voor een glimlach van opluchting . Ben Thijssen is	volkskrant_19990906_68
spoor/noun/volkskrant_20011110_29/65	12 , Blauw Blauw , Westenwind en vooral : Costa !. De Levita verdiende zijn	sporen	met Diamant , Baantjer , Combat en Spangen . Nu is hij coproducent van de	volkskrant_20011110_29
spoor/noun/volkskrant_19990525_6/829	was de beschuldiging , in 1980 , dat het dagboek een vervalsing zou zijn .	Sporen	van een door Otto Frank gebruikte ballpoint zouden erop wijzen dat hij de schrijver was	volkskrant_19990525_6
spoor/noun/parool_20020713_101/854	aan dit toernooi . Na 25 . Lf4 Lf6 26 . Kg2 zou zwart geen	spoor	van compensatie hebben . Nu wordt het alweer iets lastiger . ) 25 .... Dd8-c8	parool_20020713_101
spoor/noun/parool_20011110_51/253	weken geleden werd het ding van de muur geplukt en tot op heden ontbreekt elk	spoor	. Een speurtocht door de hoofdstedelijke horeca leidt niet tot het terugvinden van de oorkonde	parool_20011110_51
spoor/noun/parool_19990529_115/477	Normandiërs , Venetianen , Turken en Engelsen , behoren tot de belangrijkste volken die hun	sporen	hebben nagelaten . Aan de Britten , die er van 1917 tot 1960 de scepter	parool_19990529_115
spoor/noun/parool_20011112_121/19	zegt dat hij nog altijd twijfelt over zijn toekomst als bondscoach . Maar zonder een	spoor	van twijfel over wat er in de aanloop naar het EK in Portugal ( 2004	parool_20011112_121
spoor/noun/parool_20040712_23/15	"	 Ik heb er nog steeds een raar gevoel over . Er waren geen"	sporen	". 	 Maar een kennis zag het vaartuig ' puur toevallig ' in een loods"	parool_20040712_23
spoor/noun/parool_20030826_89/26	"al hebben afgeschreven , zei Greene : 	 Daar lach ik om . 	 Geen"	spoor	van twijfel bij de drievoudigee wereldkampioen en winnaar van het olympisch goud in Sydney op	parool_20030826_89
spoor/noun/parool_20030617_21/244	ontspoord bij Halfweg , tussen Amsterdam-Sloterdijk en Haarlem . De wagon bleef heel . Het	spoor	werd over een lengte van twee kilometer beschadigd . Daardoor lag het treinverkeer tussen Haarlem	parool_20030617_21
spoor/noun/parool_19990409_125/135	, concurrent : mededinger om de beste positie , extreem : buiten ( gangbare )	sporen	( sporig ) , boycotten : dwars-bomen , in de clinch , in onmin (	parool_19990409_125
spoor/noun/parool_20040219_02/416	het afkeuren van de deal er toe heeft geleid dat de zaak op een dood	spoor	"is beland . 	 Rouleren is uitstekend , maar als het onder bedreiging gebeurt ,"	parool_20040219_02
spoor/noun/parool_19990703_95/606	klei in het Siegerpark gelegd en de voetballers zullen na een partijtje of wat hun	sporen	nalaten in die klei . ' Gestolde actie , waarin de energie van het moment	parool_19990703_95
spoor/noun/parool_19990223_27/129	jaar later lijkt de zaak , ondanks de overweldigende hoeveelheid beeldmateriaal , op een dood	spoor	"te zitten . Justitie heeft geen enkele aanhouding verricht . 	 Selecteren kost veel tijd"	parool_19990223_27
spoor/noun/parool_20010913_18/96	World Trade Center - voor de financiële markten te duiden . Iedereen is even het	spoor	bijster . Ik heb handelaren gesproken die het onder de huidige omstandigheden niet gepast vonden	parool_20010913_18
spoor/noun/parool_20000608_8/416	' . Er zijn inmiddels drie dagen verstreken en er is nog niet het geringste	spoor	van de koffer . Vandaar ook dat de assistent van Rijkaard zich voor de camera's	parool_20000608_8
spoor/noun/parool_19990814_110/198	het internet te zien , maar de cultus rond haar persoon is op een dood	spoor	geraakt . Nu heeft zich een kandidate aangediend die vrouwen van vlees en bloed naar	parool_19990814_110
spoor/noun/parool_20020215_75/85	) , maar ook omdat de tramsporen moeten worden vervangen . De ruimte tussen de	sporen	is zo klein , dat de nieuwe Combino-trams , die breder zijn dan de huidige	parool_20020215_75
spoor/noun/parool_20030912_45/182	was op het moment van de ontploffing niemand aanwezig . Van de dader(s) ontbreekt elk	spoor	. Anderhalf miljoen voor drie bruggen ( Van een verslaggeefster ) Het college van b.	parool_20030912_45
spoor/noun/parool_20010120_158/164	product ooit op internet te boek staat . Dat moet de zelfbenoemde diva op het	spoor	gezet hebben . Lange tijd werden we verlekkerd met de belofte dat er een Playstation-	parool_20010120_158
spoor/noun/parool_20011017_100/345	de omgeving van het pand is afgezet en wordt geheel uitgekamd op zoek naar andere	sporen		parool_20011017_100
spoor/noun/parool_20010109_96/65	componist zou zijn . Lessen bij Pierre Froidebise en Henri Pousseur zetten hem op het	spoor	. Aanvankelijk was Boesmans in de greep van het strenge serialisme , zoals dat aan	parool_20010109_96
spoor/noun/parool_20040521_101/84	maakt deel uit van het nieuwbouwproject Het Funen in de Czaar Peterbuurt , aan het	spoor	waarover de treinen tussen het Centraal Station en station Muiderpoort denderen . Het gaat om	parool_20040521_101
spoor/noun/parool_20001104_101/60	geprobeerd de auto in brand te steken . Van de daders ontbreekt nog steeds elk	spoor		parool_20001104_101
spoor/noun/parool_20000311_23/727	om Rotterdam per spoor bereikbaar te houden ? Nou wás de haven altijd al per	spoor	bereikbaar , maar dan praten we over een enkelsporige diesellijn van de Maasvlakte naar het	parool_20000311_23
spoor/noun/parool_20011107_88/321	staan . Het lijkt erop dat de maker in het oerwoud van Frans Guyana het	spoor	bijster raakte . Snel terug naar Australië	parool_20011107_88
spoor/noun/parool_20030707_18/151	Hij is in kritieke toestand opgenomen in een ziekenhuis . Van de dader ontbreekt elk	spoor	. De dader zou volgens getuigen eerder op de avond de toegang tot het café	parool_20030707_18
spoor/noun/parool_20030531_57/30	heeft met 41.000 werknemers twee keer zo veel personeel als de NS . Bij het	spoor	beslissen de vakbonden van oudsher in de directie mee over de bedrijfsvoering . Het spoorbedrijf	parool_20030531_57
spoor/noun/parool_20001014_92/213	niemand met een doel lijkt te komen , behalve dan het doorsteken ervan . Geen	spoor	van een buurtgevoel in het verlengde van de Damstraat . Des te meer van coffeeshops	parool_20001014_92
spoor/noun/parool_20010726_0/357	, die boven de partijen staat , moeten inrichten , conform de verkeersleiding op het	spoor	. Want er ontstaat uitsluitend een samenhangend pakket vervoer als dat vanuit één hand wordt	parool_20010726_0
spoor/noun/parool_20010614_76/200	met laserstralen liet behandelen zodat hij nog scherper de greens kan afspeuren om het juiste	spoor	naar de hole te kunnen bepalen . Die dit jaar de Grand Slam wil behalen	parool_20010614_76
spoor/noun/parool_20020826_20/29	heeft directeur H. Mehdorn in de krant Bild am Sonntag gezegd . Vele honderden kilometers	spoor	zijn beschadigd . Volgens Mehdorn betalen de Duitse spoorwegen de reparatiekosten uit eigen zak	parool_20020826_20
spoor/noun/parool_20010403_38/376	te leggen . Vasili is namelijk zo gefocust op zijn onderwerp , dat hij overal	sporen	van racisme ziet . Als een zwarte speler niet wordt geselecteerd voor het eerste elftal	parool_20010403_38
spoor/noun/parool_20010813_67/69	Politie en brandweer hebben dagen naar hem gezocht en gedregd . De politie trof geen	sporen	aan die wijzen op een misdrijf	parool_20010813_67
spoor/noun/parool_20020427_64/2	Het	spoor	van ellende dat de gewelddadige straatrover door de Bijlmer trekt , is huiveringwekkend . In	parool_20020427_64
spoor/noun/parool_20020506_26/43	Temeer omdat het vaak met Sonic Youth vergeleken noise-viertal uit Texas al diverse malen een	spoor	van verwoesting heeft achtergelaten . Inmiddels is het een Trail Of Dead-traditie aan het einde	parool_20020506_26
spoor/noun/parool_20020723_102/101	, elektriciteitscentrales en particulieren , (klein)zoon Driessen zit voornamelijk in vliegtuigen . Niet dat alle	sporen	"uit het verleden zijn uitgewist . 	 We hebben nog klanten die hier al langer"	parool_20020723_102
spoor/noun/parool_20000405_69/482	aan te zetten er verder over te praten en in ieder geval op het goede	spoor	"te krijgen . 	 	 Vervolgens stel ik een behandelplan op , dat zowel de"	parool_20000405_69
spoor/noun/parool_20020218_126/83	derde , op 2.05 van Bartoli . De Nederlander van de Rabobankploeg kon zaterdag het	spoor	van de Italiaan goed volgen in de koninginnerit over 147 kilometer tussen La Londe en	parool_20020218_126
spoor/noun/parool_20030705_44/36	dat de NS-top steeds verder vervreemd raakt van wat zich op de stations en het	spoor	"afspeelt . 	 De NS proberen almaar dezelfde plaat op te zetten , 	 aldus"	parool_20030705_44
spoor/noun/algemeen_dagblad_19990216_85/436	werd vervolgens aan een en ander een draai gegeven . De FIOD was op het	spoor	van het bewuste bedrijf gekomen na publicaties in Voetbal International . Verslaggever Johan Derksen liet	algemeen_dagblad_19990216_85
spoor/noun/algemeen_dagblad_20010418_142/1198	naar de auto liep , deed die klapwiekende journalist zijn uiterste best om in het	spoor	te blijven . Als doorgewinterde whisky-drinker valt haar keuze voor een cover van Rory Blocks	algemeen_dagblad_20010418_142
spoor/noun/algemeen_dagblad_20020926_109/96	kort daarna . D. bekende aanvankelijk , maar trok dat later in . Bruikbare technische	sporen	zijn nooit gevonden . D. lijkt geen enkel motief te hebben gehad De Geus te	algemeen_dagblad_20020926_109
spoor/noun/algemeen_dagblad_20010227_44/46	met wat later de paspoortaffaire is gaan heten . In zijn vorige week verschenen memoires	Sporen	trekken door strategische jaren , rekent hij af met dit verleden . Zelf zegt hij	algemeen_dagblad_20010227_44
spoor/noun/algemeen_dagblad_20000425_69/431	) , waarna we door matrozen in dezelfde kleur worden opgehaald . Wij volgen het	spoor	van Christoffel Columbus , die in 1492 op zoek naar Azië terechtkwam in Zuid-Amerika .	algemeen_dagblad_20000425_69
spoor/noun/algemeen_dagblad_20000809_69/25	een dopingzaak de Olympische Spelen van Sydney . Bij een doping werden in haar urine	sporen	van anabolen gevonden . De nationale bond legde haar een schorsing van twee jaar op	algemeen_dagblad_20000809_69
spoor/noun/algemeen_dagblad_20010324_96/106	de smaragdgroene Verdon , is Ötzi een broekie . In de streek rondom zijn talloze	sporen	gevonden van zeer vroege nederzettingen . Deskundigen schatten , dat de eersten zich een miljoen	algemeen_dagblad_20010324_96
spoor/noun/algemeen_dagblad_20000406_2/310	Ook Reiziger is tot wasdom gekomen onder Van Gaal . Zijn carrière leek op dood	spoor	beland , toen hij werd uitgeleend aan Groningen en Volendam . Maar Van Gaal turnde	algemeen_dagblad_20000406_2
spoor/noun/algemeen_dagblad_20000420_56/17	beleid in de 39 gevangenissen en huizen van bewaring om het personeel op het rechte	spoor	te houden schiet tekort . Dat constateert de Algemene Rekenkamer . De in totaal 12.000	algemeen_dagblad_20000420_56
spoor/noun/algemeen_dagblad_20030619_113/148	een dopingcontrole begin april in de Driedaagse van de Panne . In zijn urine zaten	sporen	van cortisonen . De Italiaanse wielerbond heeft de coureur van Vini Caldirola , winnaar van	algemeen_dagblad_20030619_113
spoor/noun/algemeen_dagblad_20011224_59/18	international Maurizia Cacciatori is ook bij de contra-expertise positief bevonden . In haar urine zijn	sporen	aangetroffen van een verboden vochtafdrijvend middel . Plaspillen staan op de zwarte lijst van het	algemeen_dagblad_20011224_59
spoor/noun/algemeen_dagblad_20000720_100/180	binnen . Even na half elf werd een aangetroffen bom vernietigd , vlak bij het	spoor	van Ealing Broadway . Hierdoor werd het immense forensenverkeer - zowel per metro als per	algemeen_dagblad_20000720_100
spoor/noun/algemeen_dagblad_19990401_185/10	Nee , ik was niet op Curaçao in het	spoor	van staatssecretaris Gijs de Vries van Koninkrijksrelaties , ofschoon ik hem daar wel harde noten	algemeen_dagblad_19990401_185
spoor/noun/algemeen_dagblad_20010830_152/910	waren auteurs van Nederlandse musicals die , voordat Van den Ende zich aandiende , hun	sporen	hadden verdiend in het cabaret . In hun musicals lag de nadruk op taal en	algemeen_dagblad_20010830_152
spoor/noun/algemeen_dagblad_20020325_28/105	Na rust maakte Reina 3-0 . Bayern München en Schalke 04 blijven enigszins in het	spoor	van Leverkusen . De achterstand bedraagt vijf punten , met nog zes wedstrijden te gaan	algemeen_dagblad_20020325_28
spoor/noun/algemeen_dagblad_20001207_37/73	winterstop echt getwijfeld of ik zou doorgaan bij PSV . Ik zat op een verkeerd	spoor	. Er moest wat gebeuren . Luc Nilis en Ruud van Nistelrooy speelden altijd en	algemeen_dagblad_20001207_37
spoor/noun/algemeen_dagblad_20040409_67/3	Zonder een	spoor	van enige innerlijke twijfel gelooft Gyan nog steeds dat ooit - met hulp van bovenaf	algemeen_dagblad_20040409_67
spoor/noun/algemeen_dagblad_20041201_22/169	te doen lijken . Wegwijzers zijn weggehaald en het navigatiesysteem van de auto raakt het	spoor	bijster als we het dorpje naderen omdat de meeste toegangswegen al zijn verlegd . Als	algemeen_dagblad_20041201_22
spoor/noun/algemeen_dagblad_20010224_144/670	"slachterij waar het drama begon . 	 We denken dat het het virus op het"	spoor	"zijn , 	 zegt minister Nick Brown ( Landbouw ) . Maar daarmee kan het"	algemeen_dagblad_20010224_144
spoor/noun/algemeen_dagblad_20030513_04/205	overigens wel degelijk ` monnikenwerk ' verricht , maar was het onderzoek door gebrek aan	sporen	erg gecompliceerd . Volgens het hof heeft De Vries met zijn ` vage , warrige	algemeen_dagblad_20030513_04
spoor/noun/algemeen_dagblad_20031204_65/77	Een nachtmerrie , noemt hij het , terugblikkend . Brouwer raakte in een zandstorm het	spoor	"bijster . 	 Het was een absurde situatie : de vrachtwagen met de noodzenders en"	algemeen_dagblad_20031204_65
spoor/noun/algemeen_dagblad_20000628_90/843	onvoldoende aandacht in de commentaren van de media . Cocu heeft zich , in het	spoor	"van Davids , ontpopt als aanjager van Oranje . 	 In topwedstrijden moet je de"	algemeen_dagblad_20000628_90
spoor/noun/algemeen_dagblad_20031106_38/243	Volgens Salehi heeft Teheran het agentschap de originele tekeningen gegeven van de verrijkingscentrifuge waarop deze	sporen	"waren aangetroffen . 	 We hebben hun genoeg aanwijzingen gegeven 	 , aldus de Iraanse"	algemeen_dagblad_20031106_38
spoor/noun/algemeen_dagblad_20001014_90/460	naar Nederland , waar zij vijf maanden in ziekenhuizen verbleef . Sommige wonden genazen zonder	sporen	. Andere lopen als spoorwegen over haar lichaam . De grootste schade had plaats in	algemeen_dagblad_20001014_90
spoor/noun/algemeen_dagblad_20010415_147/52	onduidelijk . Eerder werd een verdachte vrijgelaten omdat zijn DNA niet overeenkwam met de gevonden	sporen	. Justitie heeft voor de gouden tip een beloning van 10.000 euro uitgeloofd	algemeen_dagblad_20010415_147
spoor/noun/algemeen_dagblad_20020506_68/37	november positief bevonden bij een controle buiten de competitie om . In zijn urine werden	sporen	van anabole steroïden gevonden	algemeen_dagblad_20020506_68
spoor/noun/algemeen_dagblad_20000226_177/376	waarin hellingen liggen die bij verse sneeuw gevaarlijk kunnen zijn . Recreanten volgen er de	sporen	van de kenners , met alle mogelijke gevolgen vandien . In andere , overzichtelijker gebieden	algemeen_dagblad_20000226_177
spoor/noun/algemeen_dagblad_20010221_130/44	duel met Telstar op 28 oktober van het vorige jaar . Bij de controle werden	sporen	van cocaïne gevonden . Dat product komt voor op de lijst van verboden middelen in	algemeen_dagblad_20010221_130
spoor/noun/algemeen_dagblad_20020116_32/170	teken aan de wand . Het is tekenend dat deze omstreden figuur , die een	spoor	van schandalen achter zich aan sleept , het ministerschap van Buitenlandse Zaken meteen voor een	algemeen_dagblad_20020116_32
spoor/noun/algemeen_dagblad_20010820_51/18	tussen Zwolle en Almelo is gistermiddag stilgelegd wegens een gaslek in de buurt van het	spoor	, bij Haarle . Het wegverkeer moest worden omgeleid . De treinreizigers moesten een omweg	algemeen_dagblad_20010820_51
spoor/noun/algemeen_dagblad_20031018_104/194	, tot die tijd is Kezman speelgerechtigd . Vorig weekeinde kwam de politie op het	spoor	van een op handen zijnde ontvoering van Kezman door Joegoslaven . Sindsdien worden de Serviër	algemeen_dagblad_20031018_104
spoor/noun/algemeen_dagblad_20010908_871/13	Daarmee gaf ik het onderzoek een draai en kwam ik op het	spoor	van iets wat in de criminologie nog niet bekend was : een team van seriemoordenaars	algemeen_dagblad_20010908_871
spoor/noun/algemeen_dagblad_19991231_104/219	variërend van vier tot een jaar . Justitie kwam de bende vorig jaar op het	spoor	in het onderzoek naar leden van het Koninklijke Korps Mariniers , die met Orion-vliegtuigen cocaïne	algemeen_dagblad_19991231_104
spoor/noun/algemeen_dagblad_20010419_54/26	te zijn verdronken in de rivier de Moldau in Tsjechië . De politie heeft geen	sporen	van een misdrijf gevonden . Het lichaam komt morgen terug naar Nederland . De scholier	algemeen_dagblad_20010419_54
spoor/noun/algemeen_dagblad_20020325_71/116	er dit keer aanvankelijk weinig van . Alle bochten van Wolvega werden in het derde	spoor	gerond . Voor de doorsnee draver is zoiets te veel van het goede , maar	algemeen_dagblad_20020325_71
spoor/noun/algemeen_dagblad_20040207_213/235	drie jaar heeft geduurd , blijkt het achteraf een bijzonder vruchtbare periode die ook haar	sporen	heeft nagelaten in hun werk van later datum . Lee Miller zal met tussenpozen blijven	algemeen_dagblad_20040207_213
spoor/noun/algemeen_dagblad_19990527_72/505	beeld dat is ontstaan , is niet dat van de man die Indonesië op het	spoor	van democratie kan zetten . De verwachting is dan ook dat Habibie niet terugkeert als	algemeen_dagblad_19990527_72
spoor/noun/algemeen_dagblad_20000127_0/372	"lukken , want ik heb ervaring . 	 Van Hennie van Doeselaar is nog geen"	spoor	te bekennen . Geruchten gaan dat hij het vliegtuig van 15.25 uur niet haalt en	algemeen_dagblad_20000127_0
spoor/noun/algemeen_dagblad_19990401_141/334	het westen en midden van het land . Door de nota ` De derde eeuw	spoor	' van minister Netelenbos ( Verkeer ) wil - en kan - de NS haast	algemeen_dagblad_19990401_141
spoor/noun/de_morgen_20030730_01_96/293	de bus of de tram te nemen als alternatief , zit je op het goede	spoor	". 	 Het voordeliger en vereenvoudigd tarief van de abonnementen heeft echter onmiskenbaar een aandeel"	de_morgen_20030730_01_96
spoor/noun/de_morgen_20001228_01_85/271	overname van Titan , dochter van het Nederlandse Internoc , door uitzendgroep Creyf's liet haar	sporen	na . De verkoper , genoteerd op de Brusselse nieuwe markt , won 29,03 procent	de_morgen_20001228_01_85
spoor/noun/de_morgen_20020104_01_94/269	Genoeg reden voor Barcelona om de populaire architect , die in de hele stad zijn	sporen	naliet , met de gepaste eerbied te herdenken . Juni 2002 wordt het hoogtepunt van	de_morgen_20020104_01_94
spoor/noun/de_morgen_20040623_01_55/46	moet het gemerkt hebben : in de stad hing een opvallend relaxte sfeer . Geen	spoor	van de voorspelde verkeershinder door de start van de werken aan de ring . Ook	de_morgen_20040623_01_55
spoor/noun/de_morgen_20041218_01_143/707	in 1974 zijn alle handels- en economische contacten tussen Ankara en Nikosia op een dood	spoor	beland . De kwestie-Cyprus was wel het belangrijkste obstakel voor een akkoord met Turkije ,	de_morgen_20041218_01_143
spoor/noun/de_morgen_19991218_01_64/81	, een koude en ongure watermassa , waar drenkelingen verdwijnen in de ijzige diepte zonder	sporen	na te laten . Al eeuwen spreken ze hier over een reusachtig beest dat in	de_morgen_19991218_01_64
spoor/noun/de_morgen_20010616_01_156/168	de wetenschap en de journalisten om een leefbaar alternatief voor de verwoestende agro-industrie op de	sporen	te zetten . S. De Clercq / Wevelgem Bio is gezonder ( 2 ) In	de_morgen_20010616_01_156
spoor/noun/de_morgen_20030301_01_185/879	hij , volgens hemzelf , op regelmatige basis was geslagen en gefolterd , had haar	sporen	nagelaten . Volgens vrienden was Seselj zelfs gestoord toen hij eruit kwam . En dat	de_morgen_20030301_01_185
spoor/noun/de_morgen_20040706_01_46/21	van een bloem is zo vluchtig dat de mens altijd geprobeerd heeft om er een	spoor	van te bewaren , en zo mogelijk ook haar schoonheid . Op de tentoonstelling '	de_morgen_20040706_01_46
spoor/noun/de_morgen_20021212_01_105/1222	ruim een half uur uit het beeld . Ik had een actrice nodig die een	spoor	kon achterlaten en die je je herinnert door de film heen . Kate is daarin	de_morgen_20021212_01_105
spoor/noun/de_morgen_20031219_01_29/384	jaar geen contact meer mee . Ook werden er , aldus het parket , geen	sporen	van geweld aangetroffen en gaat het om een natuurlijke dood . Voor alle zekerheid wordt	de_morgen_20031219_01_29
spoor/noun/de_morgen_20000706_01_73/808	Wesley Shipp ) en haar stiefdochter Nina . De politie staat machteloos omdat Eddie geen	sporen	nalaat . Ellen besluit het hierbij niet te laten . Verkeersagressie : een actueler thema	de_morgen_20000706_01_73
spoor/noun/de_morgen_20000621_01_19/76	Binnenlandse Zaken liet hem de volgende dag gaan . Van het gezelschap ontbreekt sindsdien elk	spoor	. De betrokken Chinees werd op 18 april door de rijkswacht opgepakt in een flat	de_morgen_20000621_01_19
spoor/noun/de_morgen_20000818_01_101/188	25 miljoen euro ) . Een poging om alsnog het bedrijf weer op het goede	spoor	te zetten , strandde toen de banken nieuwe kredieten weigerden . Vincent De Poortere meldde	de_morgen_20000818_01_101
spoor/noun/de_morgen_20041002_01_95/27	te zien - haar lichaam oogt nog altijd even strak en ook van rimpels geen	spoor	- maar Barbie werd al geboren in het gezegende jaar 1959 . Dus wordt ze	de_morgen_20041002_01_95
spoor/noun/de_morgen_20010726_01_72/190	tijdens de Ronde van Italië van 1969 raakte in Savona bekend dat in zijn urine	sporen	van Reactivan gevonden waren . De foto's van de wenende Merckx op zijn hotelbed gingen	de_morgen_20010726_01_72
spoor/noun/de_morgen_20030630_01_55/12	16 pagina's sportbijlagekoning van kermiskoersen nu kampioen16 pagina's werchter-bijlageop het juiste	spoor	de top-20 van de weispetterend couleur café cultuur , pagina's 9 en	de_morgen_20030630_01_55
spoor/noun/de_morgen_20020521_01_37/848	. Vergelijk openbaar vervoer met gezondheidszorg : de treinbestuurder kan niet méér verdienen door extra	sporen	aan te leggen om meer reizigers op ' zijn ' trein te krijgen ; in	de_morgen_20020521_01_37
spoor/noun/de_morgen_20020409_01_26/32	Norwalk-like-virus In niet minder dan 11 van 29 Europese merken van mineraalwater hebben Zwitserse wetenschappers	sporen	gevonden van het erg besmettelijke Norwalk-like-virus , dat wordt overgedragen via menselijke uitwerpselen . Dat	de_morgen_20020409_01_26
spoor/noun/de_morgen_20020411_01_47/1		Sporen	van sovjet-'ecocide ' in Antwerpse koe Oekraine , rusland en wit-rusland Ecotoerisme heeft in de	de_morgen_20020411_01_47
spoor/noun/de_morgen_20010910_01_16/982	nieuwe studiedienst samenstellen . Tegen oktober volgend jaar moet duidelijk zijn of we op het	spoor	"zitten . Maar ik wil wel degelijk mijn stempel drukken op de vernieuwingsbeweging . 	"	de_morgen_20010910_01_16
spoor/noun/de_morgen_20031220_01_139/948	in termen van periodes . Veel liever zie ik het als een oeuvre waarin diverse	sporen	van vroeger steeds terugkeren . Massacre was gewoon een oude droom die ik wilde realiseren	de_morgen_20031220_01_139
spoor/noun/de_morgen_19990226_01_151/314	Pieter Brueghel . De titel ' Beekeeper ' zet de toeschouwer echter op het verkeerde	spoor	; niet de imker maar de kleren van monniken gemaakt van prachtige kevers slaan het	de_morgen_19990226_01_151
spoor/noun/de_morgen_20030118_01_41/501	basis daarvan dergelijke akkoorden zijn afgesloten met de VS . Ik vind daarvan geen enkel	spoor	terug , maar de kans is reëel , want waarom maak je anders een wet	de_morgen_20030118_01_41
spoor/noun/de_morgen_19990326_01_49/1021	hem veeleer met Michaël Gorbatsjov . Net als de sovjetleider , die als bureaucraat zijn	sporen	verdiende in de landbouw , koos Milosevic niet voor een partijcarrière maar voor een baantje	de_morgen_19990326_01_49
spoor/noun/de_morgen_20030825_01_85/880	Wit kan zijn voordeel vastleggen met Pxe5 , maar Capablanca is iets bijzonders op het	spoor	. ) Dd7 22. Pxc8 ! Dxc6 23. Dd8+ De8 24. Le7+ Kf7 25. Pd6+	de_morgen_20030825_01_85
spoor/noun/de_morgen_20040417_01_194/1719	deel uitmaken van Los Incas , die met hun kenas en charengos voor hem duidelijke	sporen	waren van de oude instrumenten die met de conquistadores naar Latijns-America kwamen . * Hij	de_morgen_20040417_01_194
spoor/noun/de_morgen_20000222_01_46/370	feit dat in de godsdienststaat van de mollahs een proces aan de gang is dat	sporen	zal nalaten . Meer dan de helft van de Iraanse bevolking is beneden de 25	de_morgen_20000222_01_46
spoor/noun/de_morgen_20040428_01_105/78	het WK in Japan speelde hij 45 minuten tegen Tunesië . Daarna was er geen	spoor	meer van Sven Vermant bij de nationale ploeg . Zijn carrière als international leek voorbij	de_morgen_20040428_01_105
spoor/noun/de_morgen_20020902_01_93/259	legde Green zo'n moordend tempo op dat ook Meirhaeghe alle moeite had om in het	spoor	van de Canadees te blijven . Hij loste een eerste keer , maar de Belg	de_morgen_20020902_01_93
spoor/noun/de_morgen_20040102_01_36/299	raad van de pastoor en enkele dorpelingen . In Worms aan de Rijn vindt hij	sporen	van de jodenslachting die er plaatsvond in de 11de eeuw . In Eichstätt gaat hij	de_morgen_20040102_01_36
spoor/noun/de_morgen_20001207_01_100/92	verwacht voor de Federale Beleidsnota Drugs van minister van Volksgezondheid Magda Aelvoet . De twee	sporen	die zich de voorbije dagen aftekenden , liggen nog altijd netjes naast elkaar op de	de_morgen_20001207_01_100
spoor/noun/de_morgen_20020904_01_58/86	staat aan zijn kant . Een collaborateur slaagt erin om de man op het verkeerde	spoor	te zetten . Inspector Gadget VT4 20.40 HOII Komische familiefilm van David Kellogg ( VS	de_morgen_20020904_01_58
spoor/noun/de_morgen_20040712_01_71/209	de ideale positie naar de laatste bochten geloodst . Eerst demarreerde Bettini , in zijn	spoor	gevolgd door McEwen . De Italiaan trok fors door en ik vreesde al dat we	de_morgen_20040712_01_71
spoor/noun/de_morgen_20000115_01_89/163	. Het uitgangspunt was nochtans leuk : op Volume 3 ( vanVolume 2 voorlopig geen	spoor	) bijt de groep zich vast in materiaal van The Beatles , Snakefinger , Alice	de_morgen_20000115_01_89
spoor/noun/de_morgen_20040202_01_90/169	"gebrek aan spirit dat verschillende spelers toonden . 	 Vijf minuten bleef Racing in het"	spoor	"( 8-10 ) , dan namen de bezoekers autoritair het heft in handen . 	"	de_morgen_20040202_01_90
spoor/noun/de_morgen_20021115_01_29/354	ei zo na naar voren geschoven als CVP-partijvoorzitter . De betekenis van Schouppe voor het	spoor	is niet gering . Zonder een sociaal bloedbad te veroorzaken slankt hij de spoorwegmaatschappij aanzienlijk	de_morgen_20021115_01_29
spoor/noun/de_morgen_19990619_01_127/30	NMBS en De Post willen hun pakjesdiensten bundelen . Concreet zouden de pakjesdienst van het	spoor	( ABX ) , de postpakketten en de taxipostdienst ondergebracht worden in een nieuwe vennootschap	de_morgen_19990619_01_127
spoor/noun/de_morgen_20030822_01_106/71	WK in Japan , maar die met de sleutelwedstrijd tegen Tsjechië in aantocht , het	spoor	bijster is . ' ( Het Parool ) ' In het laatste oefenduel voor de	de_morgen_20030822_01_106
spoor/noun/de_morgen_20010203_01_117/337	Jim-TV en in september met de radio kunnen starten , zou ik vervolgens graag het	spoor	van Info 2 weer oppakken . Maar dat is een ambitie voor 2002 . Ik	de_morgen_20010203_01_117
spoor/noun/de_morgen_20001118_01_8/1491	even wie had dat kunnen neerpennen . Ik zeg niet dat het hier om valse	sporen	gaat , maar er zijn toch wel veel rare elementen in dit hele verhaal .	de_morgen_20001118_01_8
spoor/noun/de_morgen_20040522_01_140/120	grote aspiraties , daadkracht , eenzaamheid en militair vernuft en ging op zoek naar de	sporen	van Napoleon in het moderne Europa . Na één museum wilde hij er nog tien	de_morgen_20040522_01_140
spoor/noun/de_morgen_20030610_01_84/351	met een Justine/Kim-ijsjes . Niet iedereen zit die middag met zijn pronostiek op het juiste	spoor	". 	 Kim zal wel winnen , zeker , 	 zegt een ouder type ."	de_morgen_20030610_01_84
spoor/noun/de_morgen_20020626_01_107/166	geleden de groep vormden , waren toen al geen groentjes : ze hadden allen hun	sporen	verdiend als deejay en/of producer . Die rijpheid hoor je op In Between , een	de_morgen_20020626_01_107
spoor/noun/de_morgen_20030816_01_107/330	Venezolaanse staat nog enige aanwezigheidspolitiek , aan de Colombiaanse zijde is van de overheid geen	spoor	te bekennen . In het noord-Colombiaanse dorpje Castilletes bijvoorbeeld , in het departement Guajira .	de_morgen_20030816_01_107
spoor/noun/de_standaard_20020813_01_12/639	Een spoorwegarbeider van de NMBS is gistermiddag omgekomen toen hij tijdens zijn werk aan de	sporen	in Lodelinsart werd aangereden door een trein . Het ongeval gebeurde omstreeks 13.00 uur op	de_standaard_20020813_01_12
spoor/noun/de_standaard_20000722_01_49/530	de omliggende valleien overschouwen . De geschiedenis gaat hier veel verder terug : de oudste	sporen	van menselijke aanwezigheid zijn twee miljoen jaar oud . Ten tijde van de Romeinen stond	de_standaard_20000722_01_49
spoor/noun/de_standaard_20040316_01_92/978	van lagen . In de kelder van het MPM stootte men tijdens de verbouwingswerken op	sporen	van een Fenicische stad . De Romeinen bouwden in Málaga een theater , dat nu	de_standaard_20040316_01_92
spoor/noun/de_standaard_20020720_01_26/290	, zijn nu ook de tests op niervet van varkens negatief : er werden geen	sporen	gevonden van het groeihormoon medroxy progesteron acetaat ( MPA ) . Op basis van deze	de_standaard_20020720_01_26
spoor/noun/de_standaard_20011210_01_113/80	RUL ) aan in zijn doctoraatsverhandeling . Speerstra kwam vijf jaar geleden toevallig op het	spoor	van het plagiaat , toen hij werk van enkele migrantenschrijvers vergeleek . Hij gaf er	de_standaard_20011210_01_113
spoor/noun/de_standaard_20020703_01_63/512	gevolgd . Prima , maar helaas bekijken de critici ons van op een erg smal	spoor	. Vooral de media focussen haast uitsluitend op de korte termijn , becommentariëren liever snapshots	de_standaard_20020703_01_63
spoor/noun/de_standaard_20000914_01_117/272	90 meter en de archeologen beginnen zich te realiseren dat ze iets groots op het	spoor	zijn . Op de site rond de tempel werden een kerkhof , waterputten , wegen	de_standaard_20000914_01_117
spoor/noun/de_standaard_20011109_01_22/521	van die banken geen banden hebben met Osama bin Laden . Onderzoekers hebben al allerlei	sporen	blootgelegd over het fortuin van Bin Laden . Zo hebben ze drie bedrijven in Jemen	de_standaard_20011109_01_22
spoor/noun/de_standaard_20031204_01_13/96	". 	 In eerste instantie zullen de papierfabrieken van Sappi in Lanaken en Maastricht het"	spoor	gebruiken om hout aan te voeren . Bossuyt heeft een half miljoen euro gereserveerd in	de_standaard_20031204_01_13
spoor/noun/de_standaard_20031206_01_83/1105	"jaren een financieel ruggesteuntje dankzij de actie . ( rg ) 	 Kerst op het"	spoor	"	 in het station van Zottegem loopt tot 12 januari 2004 . ( eda )"	de_standaard_20031206_01_83
spoor/noun/de_standaard_19990713_01_103/358	worden gedropt boven je , terwijl anderen van beneden achter je aanzitten , en je	sporen	zijn zichtbaar in de sneeuw , dan kun je je even de terreur indenken die	de_standaard_19990713_01_103
spoor/noun/de_standaard_19990310_01_10/299	De hallucinante beelden van verhakkelde lichamen in een spooklandschap zouden de latere cineast op het	spoor	"zetten van monsterachtige fantasieën . Naar eigen zeggen wou hij met zijn 	 komedies over"	de_standaard_19990310_01_10
spoor/noun/de_standaard_20020906_01_28/555	maar de enige bewijzen die daarvoor werden gevonden waren een paar brokstukken van raketkoppen waarop	sporen	van VX werden gevonden . Vorig jaar beweerde August Hanning , de topman van de	de_standaard_20020906_01_28
spoor/noun/de_standaard_20000503_01_28/270	verdediging die meer tijd nodig heeft . De advocaten van de beschuldigden zullen ongetwijfeld andere	sporen	boven water halen . Zo wezen verschillende aanwijzingen in de richting van het Volksfront voor	de_standaard_20000503_01_28
spoor/noun/de_standaard_20010628_01_56/530	de Belgisch-Nederlandse financiële groep in het boekjaar 2000 realiseerde . De extra uitgave zal weinig	sporen	nalaten in de resultatenrekening van Fortis . Voor de helft van het bedrag heeft Fortis	de_standaard_20010628_01_56
spoor/noun/de_standaard_20040803_01_37/355	graafwerken veroorzaakt werden , zijn we niet . We weten ook niet hoe oud die	sporen	"zijn . Dat gaan onze experts nu uitzoeken 	 De speurders gaan de komende dagen"	de_standaard_20040803_01_37
spoor/noun/de_standaard_20021130_01_59/1579	mobiliteitsvraagstuk heeft een Europese dimensie en het heeft in dat kader toch geen zin het	spoor	in België te verdelen . -- Maar waarom remt u dan de wil van de	de_standaard_20021130_01_59
spoor/noun/de_standaard_20040713_01_102/354	De politie van Houthalen-Helchteren stelde de diefstal maandagochtend vast . Van de daders ontbreekt elk	spoor	. ( belga ) ( vbr ) ( belga	de_standaard_20040713_01_102
spoor/noun/de_standaard_20030329_01_28/751	het Ottomaanse rijk hadden gediend . Er is nog een meer recente gebeurtenis die diepe	sporen	"heeft nagelaten bij de sjiitische bevolking : 	 het verraad van 1991 	 . Het"	de_standaard_20030329_01_28
spoor/noun/de_standaard_20020824_01_54/644	en de afdronk elegant . Op geen enkel moment overheerst zoetheid en er is geen	spoor	van plakkerigheid te bespeuren . DEGUSTATIE COTEAUX du Layon is nog vrij onbekend en dus	de_standaard_20020824_01_54
spoor/noun/de_standaard_20040209_01_132/8	KORT GEDING CONCERT Thou op het goede	spoor	"Thou , Handelsbeurs Gent , 7 februari . 	 I like girls in Russia 	"	de_standaard_20040209_01_132
spoor/noun/de_standaard_20010618_01_12/1024	basis aan het project meewerkt . Hijzelf heeft als taak Simon en Odil op de	sporen	te zetten . Zo wil hij de acht kinderkankerafdelingen van Belgische ziekenhuizen overtuigen om mee	de_standaard_20010618_01_12
spoor/noun/de_standaard_20040518_01_42/268	vrije doorvaarthoogte zijn van 7 meter . De aanpassing is geen onoverkomelijk probleem . De	sporen	liggen nog niet en de afwerking van de bruggen was gepland tegen de bouwvakvakantie van	de_standaard_20040518_01_42
spoor/noun/de_standaard_20000531_01_101/248	4 km van Meda bandbreuk . Op dat moment gleed al een Saeco-treintje over de	sporen	. Met zes op één rij . Calcaterra , Scirea en Pieri als ultieme locomotieven	de_standaard_20000531_01_101
spoor/noun/de_standaard_20000415_01_53/381	de politiehervorming al naar beloofde salarisverhogingen is gegaan , zonder dat de betrokken partijen enig	spoor	van tevredenheid vertonen . Het wordt de komende weken boeiend om te zien of het	de_standaard_20000415_01_53
spoor/noun/de_standaard_20020202_01_5/230	die zestig minuten duurt . Bin Laden , gehuld in camouflagepak , vertelt zonder een	spoor	"van emotie dat het doden van onschuldige burgers 	 toelaatbaar is volgens de islamitische wet"	de_standaard_20020202_01_5
spoor/noun/de_standaard_20030503_01_7/2112	. Het was superieure eighties-pop , en de producer slaagde er behendig in om alle	sporen	"van verval uit te vlakken . 	 De opnamen waren in het huis waar ik"	de_standaard_20030503_01_7
spoor/noun/de_standaard_19991015_01_55/36	hopen dat de Europese Raad in het Finse Tampere een volwaardig Europees asielbeleid op de	sporen	zet In gewone mensentaal betekent dit dat bepaalde bevoegdheden die tot nu toe toekwamen aan	de_standaard_19991015_01_55
spoor/noun/de_standaard_19990625_01_25/97	de lijn van de verwachtingen . Het ziet er naar uit dat de Finnen vooral	sporen	willen trekken door de manier waarop ze het aanpakken . De sociaal-democratische premier van Finland	de_standaard_19990625_01_25
spoor/noun/de_standaard_19990302_01_57/81	"miljoen frank ( 7 miljoen euro ) . 	 We zitten opnieuw op het juiste"	spoor	"	 , zei voorzitter Thomas Meisser van het directiecomité gisteren . In de eerste helft"	de_standaard_19990302_01_57
spoor/noun/de_standaard_20031011_01_92/276	Santana , José Carreras en Prince tekenden een contract , maar van de Stones geen	spoor	. Nu blijkt dat de grijze rockers zoveel eisen stelden aan de organisatoren , dat	de_standaard_20031011_01_92
spoor/noun/de_standaard_19990625_01_66/204	, dan kan het risico voor de volksgezondheid opnieuw worden ingeschat . Het onderzoek naar	sporen	van rattenvergif op de verdachte blikjes is negatief uitgevallen , zo werd gepreciseerd . Frankrijk	de_standaard_19990625_01_66
spoor/noun/de_standaard_20030114_01_76/163	te doen koken . Had ik zonder tegenslag nog een ronde of twee in zijn	spoor	kunnen blijven , dan had zijn potje overgekookt en wist ik dat hij verslagen was	de_standaard_20030114_01_76
spoor/noun/de_standaard_19990212_01_44/405	. Roemeense dieven spoken in bossen . Rijkswacht en politie zoeken al drie jaar naar	sporen	van een Roemeense inbrekersbende die onder de grond in Waalse bossen zou leven . Groot	de_standaard_19990212_01_44
spoor/noun/de_standaard_20030626_01_15/297	om een staatshervorming , wordt zo misschien toch een stap gezet richting regionalisering van het	spoor	". 	 Al moet de federale niet te veel verwachten , in onze kelders liggen"	de_standaard_20030626_01_15
spoor/noun/de_standaard_20040214_01_303/19	in Merksplas Kolonie MERKSPLAS {mdash} In de omgeving van de voormalige landloperskolonie in Merksplas zijn	sporen	van cyanidevervuiling gevonden . Het zijn uitlopers van het cyanidestort in de landbouwerskolonie zelf .	de_standaard_20040214_01_303
spoor/noun/de_standaard_20040306_01_189/362	. Het was een tekst met 46 vraagtekens en geen antwoorden , waarmee hij oude	sporen	als de satanische sekte Abrasax , de graafwerken in Jumet en X1 nieuw leven probeerde	de_standaard_20040306_01_189
spoor/noun/de_standaard_20010913_01_18/252	Venice Municipal Airport , op zo'n honderd kilometer ten zuiden van Tampa . Andere concrete	sporen	"vertrekken vanuit Boston . Politiemensen geloven dat er vanuit Boston een 	 terroristische cel 	"	de_standaard_20010913_01_18
spoor/noun/de_standaard_19990522_01_22/578	liberalen zich in het communautaire dossier zullen opstellen en of de VLD op het Vlaamse	spoor	blijft . Houdt het samenspel tussen de liberalen en de VU stand ? Hoe verloopt	de_standaard_19990522_01_22
spoor/noun/de_standaard_20040128_01_36/1306	een donkerkleurig voertuig . Er werd nog een speractie opgezet , maar voorlopig ontbreekt elk	spoor	. De kassierster raakte bij de overval lichtgewond . Het is al de derde overval	de_standaard_20040128_01_36
spoor/noun/de_standaard_20041008_01_129/147	. Twee scanners zullen de overslag op wegvervoer verwerken , een de overslag naar het	spoor	. Er zit ook nog een mobiele scanner in de pijplijn die ingezet zou worden	de_standaard_20041008_01_129
spoor/noun/de_standaard_20030523_01_89/1113	onderzoekers bloed af bij 306 dertig-plussers uit 34 landen . Bij iedereen vonden ze daarin	sporen	van antistoffen tegen het pokkenvirus , en bij de helft zelfs behoorlijk hoge concentraties antistoffen	de_standaard_20030523_01_89
spoor/noun/de_standaard_20030306_01_165/326	In januari 2004 start dan de heraanleg van de Posthoflei , het tunneltje onder de	sporen	aan de Uitbreidingsstraat en het kruispunt Singel/Posthofbrug . In een laatste stadium krijgt het eigenlijke	de_standaard_20030306_01_165
spoor/noun/de_standaard_20010210_01_141/57	had in het wilde weg geschoten en daarbij Jackie geraakt . Nergens is nog een	spoor	van hem te bekennen . Rachel is ontredderd en krijgt hulp van haar man Rueben	de_standaard_20010210_01_141
spoor/noun/de_standaard_20021105_01_92/338	"deur 	 , zegt Foccroulle . 	 De samenwerking met de leraars is cruciaal om"	sporen	na te laten . Als er geen actieve voorbereiding en opvolging bij komt kijken ,	de_standaard_20021105_01_92
spoor/noun/de_standaard_20011208_01_131/4	Kunst op het	spoor	ARCHEOLOGIE Van onze redacteur Geert Sels HOEGAARDEN -- Voor de NMBS de bodem tussen Brussel	de_standaard_20011208_01_131
spoor/noun/de_standaard_20040108_01_88/155	debat te voeren , zeker om te vermijden dat de discussie weer op de oude	sporen	"van de 	 actieve welvaartsstaat 	 terechtkomt . Voor een toekomstgericht debat is het belangrijk"	de_standaard_20040108_01_88
spoor/noun/de_standaard_20020110_01_103/483	Gadiaga zaterdag allicht ook niet op Lokeren . ( bdh ) Toni Brogno op dood	spoor	bij Sedan . Toni Brogno ( 28 ) zit definitief op een zijspoor bij het	de_standaard_20020110_01_103
spoor/noun/de_standaard_19991108_01_74/982	in Berlijn een wedstrijd voor de luchtmacht . Ik won wel , maar het liet	sporen	"na . 	 Toen de laatste kilometer in zicht kwam , keerde Nagel vanuit een"	de_standaard_19991108_01_74
spoor/noun/de_standaard_20030917_01_96/58	centrum van Londen en de ingang van de tunnel , die het Verenigd Koninkrijk per	spoor	verbindt met het Europese vasteland , met 20 minuten verminderen . De trein zal op	de_standaard_20030917_01_96
spoor/noun/het_laatste_nieuws_20010425_01_435/84	Maastricht . Hij werd tegen lage snelheid aangereden door een aankomende trein die op hetzelfde	spoor	stond aan te schuiven om het station binnen te rijden . De materiële schade valt	het_laatste_nieuws_20010425_01_435
spoor/noun/het_laatste_nieuws_20010123_01_188/304	de bewoners waren wel flink ontdaan . Van de gangsters is er voorlopig geen enkel	spoor	. Het is niet uitgesloten dat het om een bende gaat die de voorbije weken	het_laatste_nieuws_20010123_01_188
spoor/noun/het_laatste_nieuws_20040205_01_369/198	. Titus Devoogdt In tegenstelling tot zijn tegenspeelster heeft Titus Devoogdt ( graden1979 ) zijn	sporen	als acteur al ruimschoots verdiend . Op jonge leeftijd debuteerde hij in theaterstukken van Eric	het_laatste_nieuws_20040205_01_369
spoor/noun/het_laatste_nieuws_20010417_01_302/55	een voorzet van Michel Reenaers . Deze opdoffers lieten vooral in de eerste helft diepe	sporen	na bij Vliermaal . Zo erg zelfs dat amper één behoorlijke doelkans te noteren viel	het_laatste_nieuws_20010417_01_302
spoor/noun/het_laatste_nieuws_20040203_01_18/378	, zegt burgemeester Janssens . andquot; Met de helikopter zal het makkelijker zijn om het	spoor	van de overvallers te blijven volgen . andquot; Maar ook de klopjacht naar de daders	het_laatste_nieuws_20040203_01_18
spoor/noun/het_laatste_nieuws_20040630_01_563/75	kritiek en werd hij in een kunstmatige coma gehouden . Van de dader ontbreekt elk	spoor	. Toen getuigen begonnen te claxonneren , sprong hij terug op zijn fiets en ging	het_laatste_nieuws_20040630_01_563
spoor/noun/het_laatste_nieuws_19990426_01_71/106	Toen de politie even later ter plaatse kwam , bleek er van de daders geen	spoor	meer te bekennen . Van de daders ontbreekt voorlopig elk spoor . De motorrijder werd	het_laatste_nieuws_19990426_01_71
spoor/noun/het_laatste_nieuws_20040504_01_416/52	de motorkap van zijn auto losgewrikt en verdwenen . Van de daders is nog geen	spoor		het_laatste_nieuws_20040504_01_416
spoor/noun/het_laatste_nieuws_20011222_01_565/232	we bovenin mee doen . De thuiswedstrijd tegen Sonnis moet ons terug op het goede	spoor	zetten . andquot; ( KUG	het_laatste_nieuws_20011222_01_565
spoor/noun/het_laatste_nieuws_20040621_01_469/104	Stessens bereikte het eerste keerpunt in de aanloopronde met een lang gerokken groep in zijn	spoor	. Bij het ingaan van de drie grote ronden vormde er zich een kopgroepje van	het_laatste_nieuws_20040621_01_469
spoor/noun/het_laatste_nieuws_20030424_01_19/300	dit willen we geen tweede keer meemaken . andquot; Van de inbrekers was overigens geen	spoor	meer . andquot; Ik heb ze wel met gierende banden horen vertrekken , maar heb	het_laatste_nieuws_20030424_01_19
spoor/noun/het_laatste_nieuws_19990409_01_249/131	op de vlucht met video-apparatuur , telefoontoestellen en geld . Van de buit ontbreekt elk	spoor	. -	het_laatste_nieuws_19990409_01_249
spoor/noun/het_laatste_nieuws_20010319_01_264/236	de kop nam , fietste ik bestendig tegen de limiet . Maar ik wilde zijn	spoor	niet lossen . Eigenlijk was ik er niet gerust in om samen met Boonen naar	het_laatste_nieuws_20010319_01_264
spoor/noun/het_laatste_nieuws_20020315_01_73/195	, Victor Wreedaard , Salomon Van Sevekote of Dominiek Verschaeve . De deelnemers volgen het	spoor	van hun vlucht . andquot; De Misleiding andquot; start zondag vanaf 10 uur van uit	het_laatste_nieuws_20020315_01_73
spoor/noun/het_laatste_nieuws_19990325_01_562/494	Een belangrijk element wat de voorbedachtheid betreft . Na het beulswerk probeerden de daders alle	sporen	uit te wissen . Vrouwelijke daders die beslissen een toch weerloos oudje zo bloedig af	het_laatste_nieuws_19990325_01_562
spoor/noun/het_laatste_nieuws_20000725_01_375/688	trainings- en wedstrijdritme . Bart Goolaerts krijgt als libero de moeilijke taak om in de	sporen	van Yourie Van de Mierop te treden . andquot; Inmiddels is er ook geen goed	het_laatste_nieuws_20000725_01_375
spoor/noun/het_laatste_nieuws_20030301_01_310/52	Van de woelige bezetting bleven enkel nog wat verfvlekken op de straatstenen over . Alle	sporen	zijn systematisch gewist , of zo leek het toch . Op de Tiensestraat , waar	het_laatste_nieuws_20030301_01_310
spoor/noun/het_laatste_nieuws_20000314_01_478/210	verpozen . Het was de Marokkaan die hem kwam halen . Terwijl Goegebeur in het	spoor	mee dobberde . Eens Ligneel in de kraag gevat , liet Goegebeur zich niet pramen	het_laatste_nieuws_20000314_01_478
spoor/noun/het_laatste_nieuws_19990628_01_423/173	uit haar portefeuille te pikken zonder dat de dame iets merkte.Ook van hem ontbreekt elk	spoor	. -	het_laatste_nieuws_19990628_01_423
spoor/noun/het_laatste_nieuws_20041027_01_492/28	. De achterruit werd ingegooid en de gsm gestolen . Van de daders ontbreekt elk	spoor	. ( PKM	het_laatste_nieuws_20041027_01_492
spoor/noun/het_laatste_nieuws_20010831_01_93/203	werd een watertank met een inhoud van 1.500 liter gestolen . Van de daders geen	spoor	. ( VBJB	het_laatste_nieuws_20010831_01_93
spoor/noun/het_laatste_nieuws_20020717_01_70/112	langs de spoorbaan vervoeren . Rik Labeeuw andquot; Het wordt een metalen draaibrug met enkel	spoor	, die als het ware zal rusten op het jaagpad langs de Brugsesteenweg andquot; ,	het_laatste_nieuws_20020717_01_70
spoor/noun/het_laatste_nieuws_20040622_01_383/5	Fiets mee in het	spoor	van Marijn Devalck Geraardsbergen Brakel Op zondag 4 juli wordt in de Vlaamse Ardennen een	het_laatste_nieuws_20040622_01_383
spoor/noun/het_laatste_nieuws_20010110_01_469/177	gestalte speelt Straatsburg het spelletje fysiek . andquot; Heeft de zware nederlaag tegen Malaga geen	sporen	nagelaten ? andquot; Het heeft weinig zin om op die wedstrijd terug te keren .	het_laatste_nieuws_20010110_01_469
spoor/noun/het_laatste_nieuws_20011211_01_454/385	mogelijk . andquot; andquot; Na de overwinning tegen Charleroi zitten wij weer op het goede	spoor	andquot; , zegt Nasredine Kraouche overtuigend . andquot; Zo blijven wij toch voorin vlot meedraaien	het_laatste_nieuws_20011211_01_454
spoor/noun/het_laatste_nieuws_20001030_01_353/3740	SK Kalken 1-1 - Een fraaie lob van Van Looy zette Kalken op het goede	spoor	. Rond het halfuur stelde Van Beveren gelijk . De partij bleef evenwichtig . Eendrachter	het_laatste_nieuws_20001030_01_353
spoor/noun/het_laatste_nieuws_20000321_01_689/316	in de richting van de A12 . Van de dader en de wagen ontbreekt elk	spoor	. ( DWSH	het_laatste_nieuws_20000321_01_689
spoor/noun/het_laatste_nieuws_20010807_01_309/299	een reisverhaal te maken . De keuze was snel gemaakt . Ik zou in het	spoor	van Hemingway reizen . Ik begon alles over de man te lezen en kreeg terug	het_laatste_nieuws_20010807_01_309
spoor/noun/het_laatste_nieuws_20011124_01_428/210	Polen verliet , om zich met haar familie in Tongeren te vestigen . In het	spoor	van haar moeder Jola , die 250 wedstrijden voor de Poolse nationale ploeg speelde en	het_laatste_nieuws_20011124_01_428
spoor/noun/het_laatste_nieuws_20010122_01_196/56	maatschappij betaalt voor leveringen te veel en altijd aan dezelfden . Er hangt rond het	spoor	een kluwen van bevoordeelde bedrijven . Dat is het netwerk van de Parti Socialiste .	het_laatste_nieuws_20010122_01_196
spoor/noun/het_laatste_nieuws_20020415_01_135/113	, gestolen . De politie stelde een proces-verbaal op . Van de dader(s) ontbreek elk	spoor	. Man overvallen Aan het station van Denderleeuw werd Stefaan D. uit Denderleeuw vrijdagavond overvallen	het_laatste_nieuws_20020415_01_135
spoor/noun/het_laatste_nieuws_20040924_01_297/460	En dat mag niet verloren gaan . andquot; Je ziet ook hoe de geschiedenis zijn	sporen	achterliet . Op de trappen aan de voorkant van het kasteel vertonen de stenen rode	het_laatste_nieuws_20040924_01_297
spoor/noun/het_laatste_nieuws_20030123_01_116/205	tot aan computerzaak andquot; Alfa Solution andquot; in de Processiestraat . Daar raakten we zijn	spoor	bijster . andquot; Hij is niet de enige gedupeerde . Vorige donderdag verdwenen inbrekers met	het_laatste_nieuws_20030123_01_116
spoor/noun/het_laatste_nieuws_20010120_01_509/235	. andquot; Ontkennen dat het voor sommigen beschamende 2-2 gelijkspel tegen een onthoofd Gullegem geen	sporen	heeft achtergelaten , doet de Roeselarenaar niet . andquot; Oh , ik denk dat we	het_laatste_nieuws_20010120_01_509
spoor/noun/het_laatste_nieuws_20000918_01_22/352	ruim achthonderd meter kan je je eigenlijk weinig voorstellen . Pas als je in het	spoor	van de fanfare langs het bloementapijt wandelt , merk je hoe lang het is andquot;	het_laatste_nieuws_20000918_01_22
spoor/noun/het_laatste_nieuws_20041210_02_663/26	uur opgeroepen voor het opruimen van een olievlek aan het kerkplein in Velle-Temse . Het	spoor	was snel weg want het ging slechts om een kleine oppervlakte	het_laatste_nieuws_20041210_02_663
spoor/noun/het_laatste_nieuws_20000412_01_114/96	, te lange werktijden en onderbetaalde jobs . Wij helpen hen letterlijk op het goede	spoor	andquot; , aldus mininster van Tewerkstelling en Toerisme Renaat Landuyt bij de voorstelling van het	het_laatste_nieuws_20000412_01_114
spoor/noun/het_laatste_nieuws_20011013_01_301/227	wagen was afgerukt en werd achtergelaten op de motorkap . Van de daders is geen	spoor	. ( DMPL	het_laatste_nieuws_20011013_01_301
spoor/noun/het_laatste_nieuws_20041110_01_183/92	vaste helpster . Van de daders , die een bescheiden geldsom buitmaakten , is geen	spoor	. Schier schrok maandagnacht wakker rond half drie . andquot; Ik hoorde lawaai en dacht	het_laatste_nieuws_20041110_01_183
spoor/noun/het_laatste_nieuws_20011109_01_478/120	der tijden gegroeid , afgebrand en opnieuw opgebouwd . Dat hele proces heeft natuurlijk zijn	sporen	nagelaten . Wat er anno 2001 nog staat , kan je het resultaat noemen van	het_laatste_nieuws_20011109_01_478
spoor/noun/het_laatste_nieuws_20000124_01_256/176	verging het met man en muis in de storm . Tot gisterenavond werd er geen	spoor	van teruggevonden . ( ES	het_laatste_nieuws_20000124_01_256
spoor/noun/het_laatste_nieuws_19990719_01_79/88	De dieven stalen geld uit de wagen . Van de daders ontbreekt voorlopig nog elk	spoor	. -	het_laatste_nieuws_19990719_01_79
spoor/noun/het_laatste_nieuws_20040319_01_170/149	kunnen de negenhonderd deelnemende kinderen met afgedankte fietsen door kleurbaden rijden . Daarbij worden de	sporen	van hun fietsbanden op een groot wit doek nagelaten . Het is de bedoeling dat	het_laatste_nieuws_20040319_01_170
spoor/noun/het_laatste_nieuws_20020622_01_303/156	de Jules Van Biesbroeckstraat in Gentbrugge . Van de daders is tot nog toe geen	spoor	. De politie stelt alles in het werk om de twee te vatten . (	het_laatste_nieuws_20020622_01_303
spoor/noun/het_laatste_nieuws_20021216_01_305/740	rode kaart die hij tegen Sprimont onder de neus geduwd kreeg , was er geen	spoor	van miserie op Bjorn Vandeputs gelaat te bespeuren . andquot; Met een zeven op negen	het_laatste_nieuws_20021216_01_305
spoor/noun/het_laatste_nieuws_20040609_01_354/46	Personeel van B-Security zag hoe hij zijn jas uittrok en op de bovenleiding van het	spoor	gooide ... waar die bleef hangen . Zo was één spoor op de lijn tussen	het_laatste_nieuws_20040609_01_354
spoor/noun/het_laatste_nieuws_20040827_01_420/62	examens met een hoop praktische problemen opzadelde . Aanvankelijk was er van de daders geen	spoor	, tot een politie-inspecteur van de zone zich voor een andere zaak bij één van	het_laatste_nieuws_20040827_01_420
spoor/noun/het_laatste_nieuws_20040824_01_153/28	gauwdiefstallen . Ze werden allemaal gepleegd in de binnenstad . Van de dieven is geen	spoor	. ( VBJB	het_laatste_nieuws_20040824_01_153
spoor/noun/het_laatste_nieuws_20040601_01_162/573	was opengebroken . Uit de automaat was geld gestolen . Van de daders is geen	spoor	. Merelbeke Overval op nachtwinkel Twee gemaskerde en gewapende mannen overvielen zaterdagmorgen rond één uur	het_laatste_nieuws_20040601_01_162
spoor/noun/het_laatste_nieuws_20001128_01_186/86	liet de man zijn vuurwapen achter in het reisbureau . Van de dader ontbreekt elk	spoor	. Er vielen geen gewonden . ( DDD	het_laatste_nieuws_20001128_01_186
spoor/noun/het_laatste_nieuws_20010125_01_198/52	Kapellen , Deurne , Kontich , Mortsel en Aartselaar . Van de daders ontbreekt elk	spoor	. Een overzicht van de gestolen wagens . * In Zoersel sloegen inbrekers in de	het_laatste_nieuws_20010125_01_198
spoor/noun/het_laatste_nieuws_20041105_01_24/193	elke doos wat mee : soep , pasta , groenten en koeken . andquot; Geen	spoor	van inbraak Hoe de inbraak kon gebeuren , blijft onduidelijk . De politie vond geen	het_laatste_nieuws_20041105_01_24
spoor/noun/het_laatste_nieuws_20040102_01_390/114	en naar eigen zeggen vernederd in een politiecel . Van de inbrekers is nog geen	spoor	. andquot; Ik ben er echt ziek van andquot; , zei de Wielsbekenaar gisteren .	het_laatste_nieuws_20040102_01_390
spoor/noun/het_laatste_nieuws_20040522_01_647/229	te bellen . Samen beginnen ze te zoeken , maar van Ingrid vinden ze geen	spoor	. Ook niet op haar vaste parcours langs het Albertkanaal . Als Ingrid kort na	het_laatste_nieuws_20040522_01_647
spoor/noun/het_laatste_nieuws_20040103_01_504/117	een rechter zijn aanhouding voorlopig nog noodzakelijk , uit vrees dat de oprichter van Parmalat	sporen	zou uitwissen van de fraude die aan het licht is gekomen . In die fraudezaak	het_laatste_nieuws_20040103_01_504
spoor/noun/het_laatste_nieuws_20000831_01_264/191	. Je kunt moeilijk beweren dat het een exclusieve Vlaamse aangelegenheid is , want alle	sporen	lopen naar Wallonië . andquot; ( PhT	het_laatste_nieuws_20000831_01_264
spoor/noun/het_laatste_nieuws_20010115_01_254/488	mee : Mocht je ooit op een ander gaan , het zal alleszins geen zichtbare	sporen	achterlaten . Bovenop mijn eigen verontwaardiging en frustratie gaf die uitspraak me een eng voorgevoel	het_laatste_nieuws_20010115_01_254
spoor/noun/het_laatste_nieuws_20010314_01_440/122	provinciale reeks zal spelen , hoewel die ploeg sinds de trainerswissel wel op het goede	spoor	lijkt te zitten . Zondag had Kris Tanghe , die samen met Joost Eggermont de	het_laatste_nieuws_20010314_01_440
spoor/noun/het_laatste_nieuws_20030228_01_42/55	in zijn woning in de Fabrieksstraat in Turnhout . Volgens een ooggetuige waren er geen	sporen	te zien van geweld . Het parket vorderde een onderzoeksrechter . Die besliste later dat	het_laatste_nieuws_20030228_01_42
spoor/noun/het_laatste_nieuws_20030630_01_92/73	. Hoewel de getuige de nummerplaat wist te noteren is van de dader nog geen	spoor	. ( EMS ) * Beersel Steen in ruit Vandalen verbrijzelden zaterdagavond de ruit van	het_laatste_nieuws_20030630_01_92
spoor/noun/het_laatste_nieuws_20020613_01_211/317	bleek later de naam Toura B. te dragen . Van de Afrikaan is momenteel geen	spoor	. Officieel woont de Sierra Leonees in Rotterdam . Twee andere Afrikanen , Weisu G.	het_laatste_nieuws_20020613_01_211
spoor/noun/het_laatste_nieuws_20030826_01_143/380	auto . andquot; De man zette daarop zelf de achtervolging nog in maar raakte het	spoor	van zijn overvallers na een tijdje bijster . ( BPP/KMS ) Cafébazin Rita Verdickt en	het_laatste_nieuws_20030826_01_143
spoor/noun/het_nieuwsblad_20001016_01_477/232	In de sprint ga ik altijd mijn eigen weg . Ik kies nooit specifiek iemands	spoor	, maar plots verzeilde ik in het wiel van Bartoli dat ik even raakte .	het_nieuwsblad_20001016_01_477
spoor/noun/het_nieuwsblad_20010108_01_116/491	paal . Annaert en Sergeant zetten hun ploeg in het derde kwartier op het goede	spoor	. Op het uur verzilverde Annaert een strafschop . Een tegentreffer van Smet gaf de	het_nieuwsblad_20010108_01_116
spoor/noun/het_nieuwsblad_20000916_01_527/102	. Hij moet net voor de crash nog gezien hebben dat hij van het juiste	spoor	was afgeweken , want er was een duidelijk remspoor van acht meter . Het duurde	het_nieuwsblad_20000916_01_527
spoor/noun/het_nieuwsblad_20010502_01_97/422	Klemhoutstraat , in het offensief . Hij kreeg Ignace Blommaert en David Plas in zijn	spoor	. Het drietal verwierf snel driekwart minuut voorsprong en bleef buiten schot . Lanssens trok	het_nieuwsblad_20010502_01_97
spoor/noun/het_nieuwsblad_20020408_01_374/62	. De dieven raakten binnen door een raam . Van de daders ontbreekt voorlopig elk	spoor	. De jongste weken zijn verscheidene soortgelijke diefstallen gepleegd in bedrijven in de streek van	het_nieuwsblad_20020408_01_374
spoor/noun/het_nieuwsblad_20030902_01_202/310	nek omgewrongen . Na de rust zette dezelfde Bert Ghijs zijn ploeg op het goede	spoor	. Zijn afstandsschot zorgde voor de gelijkmaker . De thuisploeg moestwachten op tienmeters in de	het_nieuwsblad_20030902_01_202
spoor/noun/het_nieuwsblad_20020227_01_355/328	nam resoluut de leiding van het pak en duldde al snel niemand meer in zijn	spoor	". Op de meet was de voorsprong op Riduoane Es-Saadi indrukwekkend . 	 Eigenlijk krijg"	het_nieuwsblad_20020227_01_355
spoor/noun/het_nieuwsblad_19990423_01_149/543	"Hende werd tijdens het onderzoek trouwens geklungeld dat het niet mooi meer was : 	"	Sporen	werden uitgewist , voorwerpen verplaatst en proeven gemanipuleerd tot ze het gewenste resultaat gaven .	het_nieuwsblad_19990423_01_149
spoor/noun/het_nieuwsblad_20001230_01_44/8	De politie van Namen is op het	spoor	gekomen van 45.000 vervalste flessen Crinet-champagne . De invoerder , de firma Vins Simon uit	het_nieuwsblad_20001230_01_44
spoor/noun/het_nieuwsblad_20030308_01_79/21	job Meer dan drieduizend woedende en gefrustreerde dokwerkers uit alle Vlaamse havens trokken vrijdagmiddag een	spoor	van vernieling door Brussel . De havenarbeiders zijn woest op Europa , dat het lossen	het_nieuwsblad_20030308_01_79
spoor/noun/het_nieuwsblad_20021001_01_434/118	NMBS . De spoorwegmaatschappij werkt al jaren in Zaventem : aan de aanpassing van de	sporen	voor de hogesnelheidstrein ( hst ) en aan een nieuw station . De NMBS staat	het_nieuwsblad_20021001_01_434
spoor/noun/het_nieuwsblad_19990320_01_690/224	electrozaak aan de Tiensesteenweg zijn voor 130.000 frank toestellen gestolen . Van de daders geen	spoor	. Donderdag omstreeks 15.45 uur stal een onbekende een gsm uit de kabine van een	het_nieuwsblad_19990320_01_690
spoor/noun/het_nieuwsblad_20011221_01_602/43	twee video's en een draagbare pc te stelen . Van de daders is er geen	spoor	. EVERBERG Twee auto's In de Hazenstraat in Everberg ( Kortenberg ) sloeg in de	het_nieuwsblad_20011221_01_602
spoor/noun/het_nieuwsblad_20000310_01_388/206	1999 : voor klein miljoen exclusieve kleding weg . Van de daders is er geen	spoor	. - 9 maart : De Verse Hoek : inbraak levert sigaretten en tabak op	het_nieuwsblad_20000310_01_388
spoor/noun/het_nieuwsblad_20040211_02_647/686	. Op de grond vonden de agenten een zakje bruin poeder en aangebrand aluminiumfolie met	sporen	van gekarameliseerde heroïne . Lukasz had een deurklink met sleutel op zak . Dat is	het_nieuwsblad_20040211_02_647
spoor/noun/het_nieuwsblad_19990903_01_418/130	De politie van Nieuwpoort werd via het alarm verwittigd maar bij aankomst was er geen	spoor	meer van de daders . Ook de zaakvoerder Blondeel , die in De Panne woont	het_nieuwsblad_19990903_01_418
spoor/noun/het_nieuwsblad_19990518_01_132/473	Hermans actief bij o.a. Willebroek , Dendermonde en SK Londerzeel . Nadien verdiende hij zijn	sporen	als trainer van SK Londerzeel , Lombeek , Rupel , Schepdaal , Teralfene en Atlas	het_nieuwsblad_19990518_01_132
spoor/noun/het_nieuwsblad_20011208_01_668/92	Belangrijk om borstkanker met succes te behandelen is het op tijd ontdekken van de eerste	sporen	. Daarom kunnen vrouwen best tweejaarlijks een mammografisch onderzoek ondergaan . Voor vrouwen die in	het_nieuwsblad_20011208_01_668
spoor/noun/het_nieuwsblad_20000603_01_163/78	die samen een waarde van 7,5 miljoen hebben . Van de daders ontbreekt voorlopig elk	spoor	. TEMSE Het is niet de eerste keer dat Alpha Motorhomes in de TTS-industriezone in	het_nieuwsblad_20000603_01_163
spoor/noun/het_nieuwsblad_20041020_01_301/2	Geen	spoor	van vandalen POPPEL De politie Kempen Noord-Oost is op zoek naar de vandalen die zaterdagnacht	het_nieuwsblad_20041020_01_301
spoor/noun/het_nieuwsblad_20020722_01_170/56	, was het de beurt aan de mannen op de 800 meter . In het	spoor	van Nathan Kahan werd Tom Van Chaze tiende in 1.48.51 . Ook de bijkomende reeksen	het_nieuwsblad_20020722_01_170
spoor/noun/het_nieuwsblad_19990601_01_22/89	na een reis terugkwam , trof hij zijn moeder dood aan . Er waren geen	sporen	van geweld , zodat de dood werd afgehandeld als een natuurlijk overlijden . Toen de	het_nieuwsblad_19990601_01_22
spoor/noun/het_nieuwsblad_20011226_01_310/63	dure dvd-spelers en heelwat gsm's aan de haal . Van de daders ontbreekt voorlopig elk	spoor	. Eind oktober kwamen de betonblok-gangsters al over de vloer in dezelfde elektrozaak . De	het_nieuwsblad_20011226_01_310
spoor/noun/het_nieuwsblad_20040720_01_214/471	en een autosleutel gestolen . Het laboratorium van de gerechtelijke politie doorzocht het pand naar	sporen	. GEVALLEN In de Vaartstraat kwam maandagmorgen om 9.40 uur de fietsster R.D. ( 56	het_nieuwsblad_20040720_01_214
spoor/noun/het_nieuwsblad_20030613_01_33/27	de NMBS al tot de eerste syndicale acties geleid . Arbeiders in Charleroi blokkeerden de	sporen	in het station van Marchienne-au-Pont . De actie had lichte hinder van het treinverkeer tot	het_nieuwsblad_20030613_01_33
spoor/noun/het_nieuwsblad_20020627_01_270/36	"om zaaigoed te kopen . 	 Het Roemeniëcomité meent dat de landbouwtoestand op het goede"	spoor	kan worden gezet mits de invoering van nieuwe landbouwtechnieken , het opmaken van een financieel	het_nieuwsblad_20020627_01_270
spoor/noun/het_nieuwsblad_19990403_01_615/303	twee verwittigingen van fout parkeren langs de Rijksweg een bekeuring teweegbracht , liet ook zijn	sporen	"na . 	 Met een louter preventieve politiek te voeren . 	 Want uit de"	het_nieuwsblad_19990403_01_615
spoor/noun/het_nieuwsblad_20020216_01_790/709	2 liter turbobenzine en 2,2 liter dCi-diesel -- komen uit de Renault-stal en hebben hun	sporen	al ruimschoots verdiend . MOTOREN 2 liter turbo benzinemotor van 165 pk/120 kW , koppel	het_nieuwsblad_20020216_01_790
spoor/noun/het_nieuwsblad_20020219_01_346/385	moeten weer opveren . Ik blijf geloven datéé n overwinning ons terug op het juiste	spoor	kan brengen . Hopelijk komt die er vrijdag in de eigen Arenahal tegen Bree .	het_nieuwsblad_20020219_01_346
spoor/noun/het_nieuwsblad_20031113_01_219/49	volgt er Etienne Bruggeman op , die een stapje terug zet . Brylle verdiende zijn	sporen	als trainer bij Knokke en KV Oostende , waarmee hij naar tweede klasse promoveerde .	het_nieuwsblad_20031113_01_219
spoor/noun/het_nieuwsblad_20010227_01_360/12	Carnaval uit het hart De carnavalsnacht mocht dan al bij sommigen	sporen	nalaten , toch waren maandagochtend de carnavalisten met het hart op de juiste plaats al	het_nieuwsblad_20010227_01_360
spoor/noun/het_nieuwsblad_20000208_01_96/259	we terug tot 18-19 . Aces van alweer Sepp zetten Yvoir defintief op het goede	spoor	"	 , getuigt Urbain . In de derde set telde Melsele steeds enkele puntjes meer"	het_nieuwsblad_20000208_01_96
spoor/noun/het_nieuwsblad_20030906_01_477/182	"voelt wel even vreemd aan . 	 Korte tijd nadien sloot de NMBS ook de"	sporen	1 tot en met 6 af voor alle treinverkeer , waardoor er een veilige perimeter	het_nieuwsblad_20030906_01_477
spoor/noun/het_nieuwsblad_20040422_01_72/363	. Toen ik van Wimbledon naar Bloemenhof overstapte , volgden minstens 50 jeugdspelers in mijn	spoor	. Toch een duidelijk bewijs dat mijn werk naar waarde geschat wordt .	het_nieuwsblad_20040422_01_72
spoor/noun/het_nieuwsblad_20010920_01_256/141	werd gistervoormiddag opgetrommeld voor het opruimen van een kilometerslang oliespoor op de Waregemseweg . Het	spoor	liep zelfs tot aan het station van Anzegem , zodat ook de brandweer van Anzegem	het_nieuwsblad_20010920_01_256
spoor/noun/het_nieuwsblad_19990116_01_381/52	leed en moeilijk te been was , kwam ten val . De parketdeskundige vond geen	sporen	van geweld . De man stierf een natuurlijke dood . Vermoedelijk kwam hij als gevolg	het_nieuwsblad_19990116_01_381
spoor/noun/het_nieuwsblad_20020415_01_360/44	bemanning van een voorbijvarende boot . Uit het eerste onderzoek blijkt dat het lichaam geen	sporen	van geweld vertoont . Een autopsie moet uitmaken onder welke omstandigheden de vrouw is overleden	het_nieuwsblad_20020415_01_360
spoor/noun/het_nieuwsblad_20010201_01_637/77	enkele snijwonden op die in het ziekenhuis werden gehecht . Van de daders ontbreekt elk	spoor	. Een fietsdiefstal op het stationsplein mondde eveneens uit in een kort vuistgevecht . Twee	het_nieuwsblad_20010201_01_637
spoor/noun/het_nieuwsblad_19990208_01_221/227	voorkomen . Na een kopstaartaanrijding aan de overweg belandde één van de voertuigen op de	sporen	. De machinist kon de aankomende trein stoppen en een aanrijding vermijden . Niemand raakte	het_nieuwsblad_19990208_01_221
spoor/noun/het_nieuwsblad_19990210_01_438/133	de nodige studies . De verbinding wordt gerealiseerd samen met de verdubbeling van het aantal	sporen	van 2 tot 4 op de lijn Brussel-Leuven . Aan de bocht hangt een prijskaartje	het_nieuwsblad_19990210_01_438
spoor/noun/het_nieuwsblad_20020204_01_174/1746	begin ( 18-18 na 10 ' ) liet de Waregemse bommenravage ( 10 ) serieuze	sporen	na : 45-69 . KINEPOLIS : Vanwolleghem 14 , Wyseur 3 , Maes 9 ,	het_nieuwsblad_20020204_01_174
spoor/noun/het_nieuwsblad_20000304_01_606/145	"	 De rijkswacht nam gisteren vingerafdrukken , maar van de daders is er voorlopig geen"	spoor	". 	 Ik heb deze winkel al 14 jaar en het is de eerste keer"	het_nieuwsblad_20000304_01_606
spoor/noun/het_nieuwsblad_19991229_01_162/27	en zo zien ze er ook uit . Het gevecht met het water heeft diepe	sporen	nagelaten . En dat wordt er alleen maar erger op nu de omvang van de	het_nieuwsblad_19991229_01_162
spoor/noun/het_nieuwsblad_20021105_01_393/42	waarin financiële problemen aan de oppervlakte kwamen . Op sportief vlak liet de problematiek geen	sporen	na , want geel-zwart antwoordde met een 1-2-winst bij het onderin gerangschikte Gent Zeehaven .	het_nieuwsblad_20021105_01_393
spoor/noun/het_nieuwsblad_20000315_01_581/298	van de Cipressa moet hij zich ver van alle gewoel houden . Rustig in het	spoor	van een ploegmaat . En wachten , wachten . Het krachtenarsenaal zo lang mogelijk intact	het_nieuwsblad_20000315_01_581
spoor/noun/het_nieuwsblad_20000731_01_125/170	"op te sporen 	 zegt burgemeester Georges Anthuenis ( VLD ) . 	 Een eerste"	spoor	wijst in de richting van het zuiveringsstation aan de Nijverheidsstraat . Dat zou vervuild rioolwater	het_nieuwsblad_20000731_01_125
spoor/noun/het_nieuwsblad_20020820_01_329/216	op reis en keert pas deze week terug . Van Spyros Venetis is nog geen	spoor	. D. SINT-KRUIS Michael Vermeulen sukkelt met hevige spierpijnen en heeft een rustpauze ingelast .	het_nieuwsblad_20020820_01_329
spoor/noun/het_nieuwsblad_20041129_01_277/276	, maar dat leverde geen resultaten op . Nochtans zaten de agenten op het goede	spoor	. Ze verhoorden twee verdachten die ontkenden in alle talen , maar nu blijkt dat	het_nieuwsblad_20041129_01_277
spoor/noun/het_nieuwsblad_20020625_01_364/127	haar tijdens de brutale verkrachting . De man verdween meteen en liet weinig of geen	sporen	achter . Het slachtoffer verwittigde een vriend , die samen met haar klacht indiende bij	het_nieuwsblad_20020625_01_364
spoor/noun/het_nieuwsblad_20010216_01_535/107	door de minister van Verkeer , is geen sprake meer van het derde en vierde	spoor	tussen Gent en Brugge . Maar het goederenverkeer neemt jaarlijks met vijf procent toe en	het_nieuwsblad_20010216_01_535
spoor/noun/het_nieuwsblad_20030710_01_360/40	MIVB , een verplaatsbare plastieken toiletcontainer in brand gestoken . Van de vandalen ontbreekt elk	spoor	. Het toilet is zwaar beschadigd , de politie stelde proces-verbaal op . SCHAARBEEK Wagens	het_nieuwsblad_20030710_01_360
spoor/noun/het_nieuwsblad_20040219_01_218/161	"creatief uit de hoek te komen . 	 Daarom zetten zij uitgeverij Lannoo op het"	spoor	om zeven dichters en zeven bloemschikkers samen te brengen . Vertaald in bloemen Eminente dichters	het_nieuwsblad_20040219_01_218
spoor/noun/het_nieuwsblad_19990306_01_616/317	, rechtover de kathedraal . Het toonaangevende bureau Planning , dat in België al zijn	sporen	verdiende met gelijkaardige projecten , deed de invulling . De ondergrondse garages zouden bereikbaar zijn	het_nieuwsblad_19990306_01_616
spoor/noun/het_nieuwsblad_20030201_01_392/149	haal met een computer en enkele elektrische handgereedschappen . Van de daders ontbreekt elk verder	spoor	. BERCHEM Nachtwinkel geplunderd Aan de Driekoningenstraat is donderdag in de vroege ochtend ingebroken in	het_nieuwsblad_20030201_01_392
spoor/noun/het_nieuwsblad_20040313_01_467/19	levert niks op DE PINTE In De Pinte zochten vijftien politiemensen en twee hondenteams naar	sporen	van Elke D'Hondt ( 21 ) , de criminologiestudente die vrijdagnacht uit het huis van	het_nieuwsblad_20040313_01_467
